"year","month","noaa.year.month","noaa.precip.anom","noaa.percent.precip.anom","mcfarland.year.month","mcfarland.precip.anom","mcfarland.percent.precip.anom","serc.year.month","serc.precip.anom","serc.percent.precip.anom"
1895,1,1895-01-01,1.39328515505566,30.7438508302521,NA,NA,NA,NA,NA,NA
1895,2,1895-02-01,-1.9211647615918,-49.9783458207434,NA,NA,NA,NA,NA,NA
1895,3,1895-03-01,-1.30364781888086,-28.8631225657864,NA,NA,NA,NA,NA,NA
1895,4,1895-04-01,-0.452000659311523,-10.7016635967206,NA,NA,NA,NA,NA,NA
1895,5,1895-05-01,-1.98650490206738,-52.1915626476999,NA,NA,NA,NA,NA,NA
1895,6,1895-06-01,-1.57542300254883,-47.4820418989526,NA,NA,NA,NA,NA,NA
1895,7,1895-07-01,-1.19825321533887,-38.4357880459615,NA,NA,NA,NA,NA,NA
1895,8,1895-08-01,-0.306941064493164,-9.96252421400494,NA,NA,NA,NA,NA,NA
1895,9,1895-09-01,-2.04561503179687,-50.5244685518287,NA,NA,NA,NA,NA,NA
1895,10,1895-10-01,-2.75951144030762,-64.7066513104959,NA,NA,NA,NA,NA,NA
1895,11,1895-11-01,4.93072516505078,94.2155693936844,NA,NA,NA,NA,NA,NA
1895,12,1895-12-01,-1.29470496218164,-27.2670533557399,NA,NA,NA,NA,NA,NA
1896,1,1896-01-01,-3.48426269289355,-76.8827917925045,NA,NA,NA,NA,NA,NA
1896,2,1896-02-01,1.36389329924805,35.4811478615373,NA,NA,NA,NA,NA,NA
1896,3,1896-03-01,2.08218078111914,46.100057254082,NA,NA,NA,NA,NA,NA
1896,4,1896-04-01,-2.91812988226074,-69.0902627864733,NA,NA,NA,NA,NA,NA
1896,5,1896-05-01,-1.52901972638379,-40.1720271397657,NA,NA,NA,NA,NA,NA
1896,6,1896-06-01,1.20412912586914,36.2915290139644,NA,NA,NA,NA,NA,NA
1896,7,1896-07-01,2.37104620223926,76.0549006752948,NA,NA,NA,NA,NA,NA
1896,8,1896-08-01,0.158002899666992,5.12837119534542,NA,NA,NA,NA,NA,NA
1896,9,1896-09-01,2.28747970472656,56.4982631667911,NA,NA,NA,NA,NA,NA
1896,10,1896-10-01,1.12709406643066,26.4287662248387,NA,NA,NA,NA,NA,NA
1896,11,1896-11-01,0.164982249523438,3.15245649643535,NA,NA,NA,NA,NA,NA
1896,12,1896-12-01,-2.38760971081445,-50.2841058612755,NA,NA,NA,NA,NA,NA
1897,1,1897-01-01,0.280695356422851,6.19374729953526,NA,NA,NA,NA,NA,NA
1897,2,1897-02-01,-1.41800411833008,-36.8888195421716,NA,NA,NA,NA,NA,NA
1897,3,1897-03-01,-0.538314605404297,-11.9184339587018,NA,NA,NA,NA,NA,NA
1897,4,1897-04-01,-1.04962647415527,-24.8511793007805,NA,NA,NA,NA,NA,NA
1897,5,1897-05-01,1.96703746414355,51.6800934814601,NA,NA,NA,NA,NA,NA
1897,6,1897-06-01,0.424570387978516,12.7962261046303,NA,NA,NA,NA,NA,NA
1897,7,1897-07-01,1.74504623329394,55.9750028580741,NA,NA,NA,NA,NA,NA
1897,8,1897-08-01,4.69344610913965,152.337291807602,NA,NA,NA,NA,NA,NA
1897,9,1897-09-01,-1.76567977974609,-43.6103719994758,NA,NA,NA,NA,NA,NA
1897,10,1897-10-01,-3.77921240925293,-88.6172008645734,NA,NA,NA,NA,NA,NA
1897,11,1897-11-01,4.17561895020703,79.7871111846411,NA,NA,NA,NA,NA,NA
1897,12,1897-12-01,-0.455322127025391,-9.58928334585968,NA,NA,NA,NA,NA,NA
1898,1,1898-01-01,2.13501168747754,47.1105865173967,NA,NA,NA,NA,NA,NA
1898,2,1898-02-01,6.79342994182617,176.728408582857,NA,NA,NA,NA,NA,NA
1898,3,1898-03-01,-1.56074533714258,-34.5553325886727,NA,NA,NA,NA,NA,NA
1898,4,1898-04-01,0.732639498110352,17.3461283405861,NA,NA,NA,NA,NA,NA
1898,5,1898-05-01,-1.35539143380566,-35.6102805767074,NA,NA,NA,NA,NA,NA
1898,6,1898-06-01,0.124181138662109,3.74272434734948,NA,NA,NA,NA,NA,NA
1898,7,1898-07-01,-1.43566568360059,-46.0511528059012,NA,NA,NA,NA,NA,NA
1898,8,1898-08-01,-0.0301584962314454,-0.978867879603784,NA,NA,NA,NA,NA,NA
1898,9,1898-09-01,-0.739711890585937,-18.2700799380096,NA,NA,NA,NA,NA,NA
1898,10,1898-10-01,4.61526954748535,108.221561596351,NA,NA,NA,NA,NA,NA
1898,11,1898-11-01,3.46576528194531,66.2233319629726,NA,NA,NA,NA,NA,NA
1898,12,1898-12-01,-1.88602540944727,-39.7205208691128,NA,NA,NA,NA,NA,NA
1899,1,1899-01-01,0.742909557790039,16.3928400027725,NA,NA,NA,NA,NA,NA
1899,2,1899-02-01,0.166642406669922,4.33513668137951,NA,NA,NA,NA,NA,NA
1899,3,1899-03-01,2.03965799733008,45.1585910831066,NA,NA,NA,NA,NA,NA
1899,4,1899-04-01,-3.05434889036621,-72.3154129498472,NA,NA,NA,NA,NA,NA
1899,5,1899-05-01,-1.19595021827832,-31.42127194141,NA,NA,NA,NA,NA,NA
1899,6,1899-06-01,-1.67619354170898,-50.5191887191027,NA,NA,NA,NA,NA,NA
1899,7,1899-07-01,2.6584402427666,85.2735001215375,NA,NA,NA,NA,NA,NA
1899,8,1899-08-01,-2.32742689964941,-75.542341922777,NA,NA,NA,NA,NA,NA
1899,9,1899-09-01,-0.356237889218749,-8.79868878114001,NA,NA,NA,NA,NA,NA
1899,10,1899-10-01,-1.26975300788574,-29.7739171983853,NA,NA,NA,NA,NA,NA
1899,11,1899-11-01,0.294895890050781,5.63482718321526,NA,NA,NA,NA,NA,NA
1899,12,1899-12-01,-2.02420523308008,-42.630648453187,NA,NA,NA,NA,NA,NA
1900,1,1900-01-01,6.05037582195019,133.505945327875,NA,NA,NA,NA,NA,NA
1900,2,1900-02-01,3.44616404719727,89.6506025662953,NA,NA,NA,NA,NA,NA
1900,3,1900-03-01,3.85498870201758,85.3505139843478,NA,NA,NA,NA,NA,NA
1900,4,1900-04-01,-1.12325317483887,-26.5943807015316,NA,NA,NA,NA,NA,NA
1900,5,1900-05-01,3.01822682361621,79.2980546817651,NA,NA,NA,NA,NA,NA
1900,6,1900-06-01,0.115530481923828,3.4820001830863,NA,NA,NA,NA,NA,NA
1900,7,1900-07-01,-1.43643463086621,-46.0758179549212,NA,NA,NA,NA,NA,NA
1900,8,1900-08-01,-1.02544538949316,-33.2833423244771,NA,NA,NA,NA,NA,NA
1900,9,1900-09-01,-1.03102756216797,-25.465260486997,NA,NA,NA,NA,NA,NA
1900,10,1900-10-01,2.31092682922363,54.1879748561486,NA,NA,NA,NA,NA,NA
1900,11,1900-11-01,0.815780767785157,15.5878186198812,NA,NA,NA,NA,NA,NA
1900,12,1900-12-01,-2.37107734460352,-49.9359269906155,NA,NA,NA,NA,NA,NA
1901,1,1901-01-01,0.039361257106445,0.868534780967648,NA,NA,NA,NA,NA,NA
1901,2,1901-02-01,-2.03846766696289,-53.029934777412,NA,NA,NA,NA,NA,NA
1901,3,1901-03-01,5.41879675611914,119.973655971917,NA,NA,NA,NA,NA,NA
1901,4,1901-04-01,1.87833247652832,44.4717985969732,NA,NA,NA,NA,NA,NA
1901,5,1901-05-01,-0.834506556071289,-21.9250408875324,NA,NA,NA,NA,NA,NA
1901,6,1901-06-01,-1.84824549239258,-55.7047026527815,NA,NA,NA,NA,NA,NA
1901,7,1901-07-01,-1.24865770860059,-40.0525885642256,NA,NA,NA,NA,NA,NA
1901,8,1901-08-01,0.231629600350586,7.51810614191831,NA,NA,NA,NA,NA,NA
1901,9,1901-09-01,-0.934601575058593,-23.0836433803769,NA,NA,NA,NA,NA,NA
1901,10,1901-10-01,-0.732758684936523,-17.182157692247,NA,NA,NA,NA,NA,NA
1901,11,1901-11-01,-1.51574423631641,-28.9626173634593,NA,NA,NA,NA,NA,NA
1901,12,1901-12-01,5.04311219055273,106.210150725823,NA,NA,NA,NA,NA,NA
1902,1,1902-01-01,-0.433502863889649,-9.56555614875405,NA,NA,NA,NA,NA,NA
1902,2,1902-02-01,-0.112100977119141,-2.91626283872787,NA,NA,NA,NA,NA,NA
1902,3,1902-03-01,9.73455173180274,215.525662444029,NA,NA,NA,NA,NA,NA
1902,4,1902-04-01,-1.02798060862793,-24.3386871918391,NA,NA,NA,NA,NA,NA
1902,5,1902-05-01,-1.03374079259473,-27.1595339543545,NA,NA,NA,NA,NA,NA
1902,6,1902-06-01,5.1246067596582,154.451720258036,NA,NA,NA,NA,NA,NA
1902,7,1902-07-01,-1.46873041602246,-47.1117542137632,NA,NA,NA,NA,NA,NA
1902,8,1902-08-01,0.594226683456055,19.2870827900274,NA,NA,NA,NA,NA,NA
1902,9,1902-09-01,-1.67159908179687,-41.2866809867568,NA,NA,NA,NA,NA,NA
1902,10,1902-10-01,0.859385075903321,20.1513679688609,NA,NA,NA,NA,NA,NA
1902,11,1902-11-01,-3.29801020858203,-63.0178927574723,NA,NA,NA,NA,NA,NA
1902,12,1902-12-01,2.62815640813086,55.3501246237441,NA,NA,NA,NA,NA,NA
1903,1,1903-01-01,1.27240664489941,28.0765785412006,NA,NA,NA,NA,NA,NA
1903,2,1903-02-01,1.58554234856445,41.2472607213192,NA,NA,NA,NA,NA,NA
1903,3,1903-03-01,5.42902375475195,120.200084544684,NA,NA,NA,NA,NA,NA
1903,4,1903-04-01,-0.0480726606787103,-1.13817852293947,NA,NA,NA,NA,NA,NA
1903,5,1903-05-01,-2.18335540206738,-57.363427661619,NA,NA,NA,NA,NA,NA
1903,6,1903-06-01,-0.237224076181641,-7.14975184853433,NA,NA,NA,NA,NA,NA
1903,7,1903-07-01,0.622613909661133,19.9712848335109,NA,NA,NA,NA,NA,NA
1903,8,1903-08-01,-1.95890892259863,-63.581188156249,NA,NA,NA,NA,NA,NA
1903,9,1903-09-01,-2.52513054664062,-62.3679807343509,NA,NA,NA,NA,NA,NA
1903,10,1903-10-01,0.722358673168945,16.9382920842846,NA,NA,NA,NA,NA,NA
1903,11,1903-11-01,-1.00666269910938,-19.2351624171282,NA,NA,NA,NA,NA,NA
1903,12,1903-12-01,-1.18997434460352,-25.0613806960241,NA,NA,NA,NA,NA,NA
1904,1,1904-01-01,0.86967051452832,19.1899127562721,NA,NA,NA,NA,NA,NA
1904,2,1904-02-01,0.0473402384082031,1.23153768677355,NA,NA,NA,NA,NA,NA
1904,3,1904-03-01,0.684542231119141,15.1559539563456,NA,NA,NA,NA,NA,NA
1904,4,1904-04-01,0.908228606215821,21.5034133521945,NA,NA,NA,NA,NA,NA
1904,5,1904-05-01,1.37098799119434,36.0200498660719,NA,NA,NA,NA,NA,NA
1904,6,1904-06-01,-1.91241414170898,-57.6386965645825,NA,NA,NA,NA,NA,NA
1904,7,1904-07-01,-1.40375437207715,-45.0275491215692,NA,NA,NA,NA,NA,NA
1904,8,1904-08-01,2.34857986997949,76.2289133968791,NA,NA,NA,NA,NA,NA
1904,9,1904-09-01,4.64022765335937,114.608581038605,NA,NA,NA,NA,NA,NA
1904,10,1904-10-01,-1.4599136666748,-34.2329164478563,NA,NA,NA,NA,NA,NA
1904,11,1904-11-01,-2.78227727752734,-53.1633439582815,NA,NA,NA,NA,NA,NA
1904,12,1904-12-01,-1.31004546013086,-27.5901309589802,NA,NA,NA,NA,NA,NA
1905,1,1905-01-01,0.794467471950195,17.530502897053,NA,NA,NA,NA,NA,NA
1905,2,1905-02-01,-0.630217644697265,-16.3948642087923,NA,NA,NA,NA,NA,NA
1905,3,1905-03-01,-3.42375077229883,-75.8027871825084,NA,NA,NA,NA,NA,NA
1905,4,1905-04-01,-3.05357994310059,-72.2972071910926,NA,NA,NA,NA,NA,NA
1905,5,1905-05-01,-0.273098157438477,-7.17512429900774,NA,NA,NA,NA,NA,NA
1905,6,1905-06-01,0.911198665029297,27.4628294249815,NA,NA,NA,NA,NA,NA
1905,7,1905-07-01,0.0545156698173828,1.74867273749979,NA,NA,NA,NA,NA,NA
1905,8,1905-08-01,-0.415208839493164,-13.4766200936651,NA,NA,NA,NA,NA,NA
1905,9,1905-09-01,2.89810072835937,71.5799389591916,NA,NA,NA,NA,NA,NA
1905,10,1905-10-01,-2.34612539030762,-55.013331470158,NA,NA,NA,NA,NA,NA
1905,11,1905-11-01,2.33741206436719,44.6629250628196,NA,NA,NA,NA,NA,NA
1905,12,1905-12-01,0.0434939641855463,0.9160019284251,NA,NA,NA,NA,NA,NA
1906,1,1906-01-01,-0.0626395976787109,-1.38218830518176,NA,NA,NA,NA,NA,NA
1906,2,1906-02-01,-1.02745580211914,-26.7288586697232,NA,NA,NA,NA,NA,NA
1906,3,1906-03-01,3.52468740406836,78.0375520721875,NA,NA,NA,NA,NA,NA
1906,4,1906-04-01,0.217291040688477,5.14462882326624,NA,NA,NA,NA,NA,NA
1906,5,1906-05-01,1.53754196892871,40.3959325301925,NA,NA,NA,NA,NA,NA
1906,6,1906-06-01,-0.991561343759765,-29.8848989722833,NA,NA,NA,NA,NA,NA
1906,7,1906-07-01,0.850568326555664,27.2832682605039,NA,NA,NA,NA,NA,NA
1906,8,1906-08-01,-2.15695129086035,-70.0091383963518,NA,NA,NA,NA,NA,NA
1906,9,1906-09-01,-2.70979323248047,-66.9289484229858,NA,NA,NA,NA,NA,NA
1906,10,1906-10-01,0.322736779223633,7.56772229071396,NA,NA,NA,NA,NA,NA
1906,11,1906-11-01,-0.727919315320313,-13.908974941794,NA,NA,NA,NA,NA,NA
1906,12,1906-12-01,-0.232096735814453,-4.88805887364621,NA,NA,NA,NA,NA,NA
1907,1,1907-01-01,-1.25473854357715,-27.6867190285699,NA,NA,NA,NA,NA,NA
1907,2,1907-02-01,0.0756759451464846,1.96867995523136,NA,NA,NA,NA,NA,NA
1907,3,1907-03-01,-2.31192992093164,-51.1867666289229,NA,NA,NA,NA,NA,NA
1907,4,1907-04-01,1.19131654205566,28.2058634376933,NA,NA,NA,NA,NA,NA
1907,5,1907-05-01,-0.715627308805664,-18.8017192814704,NA,NA,NA,NA,NA,NA
1907,6,1907-06-01,0.996244232607422,30.0260376532044,NA,NA,NA,NA,NA,NA
1907,7,1907-07-01,-0.117536280866211,-3.77015435573581,NA,NA,NA,NA,NA,NA
1907,8,1907-08-01,-0.618749180704102,-20.083020515157,NA,NA,NA,NA,NA,NA
1907,9,1907-09-01,1.74456448783203,43.088847232747,NA,NA,NA,NA,NA,NA
1907,10,1907-10-01,0.523547357641601,12.2764471350299,NA,NA,NA,NA,NA,NA
1907,11,1907-11-01,0.56891024815625,10.8706531331059,NA,NA,NA,NA,NA,NA
1907,12,1907-12-01,0.830511490552734,17.4909356084474,NA,NA,NA,NA,NA,NA
1908,1,1908-01-01,0.642485044899414,14.176900047619,NA,NA,NA,NA,NA,NA
1908,2,1908-02-01,2.17136482288086,56.4872020299918,NA,NA,NA,NA,NA,NA
1908,3,1908-03-01,-1.01902198850977,-22.5614281139504,NA,NA,NA,NA,NA,NA
1908,4,1908-04-01,-0.936629673471679,-22.1758430517949,NA,NA,NA,NA,NA,NA
1908,5,1908-05-01,0.680434899299804,17.8771069920484,NA,NA,NA,NA,NA,NA
1908,6,1908-06-01,-1.78015521202148,-53.6525137865144,NA,NA,NA,NA,NA,NA
1908,7,1908-07-01,0.160784181926758,5.15739633207037,NA,NA,NA,NA,NA,NA
1908,8,1908-08-01,-0.480569357071289,-15.5980558164714,NA,NA,NA,NA,NA,NA
1908,9,1908-09-01,-2.04838324195312,-50.5928403347938,NA,NA,NA,NA,NA,NA
1908,10,1908-10-01,1.31410204143066,30.8138394859439,NA,NA,NA,NA,NA,NA
1908,11,1908-11-01,-3.36771527821094,-64.34980694958,NA,NA,NA,NA,NA,NA
1908,12,1908-12-01,0.873418747974609,18.3945812355556,NA,NA,NA,NA,NA,NA
1909,1,1909-01-01,2.74405636921582,60.5496006175448,NA,NA,NA,NA,NA,NA
1909,2,1909-02-01,2.48947830666992,64.7627992202495,NA,NA,NA,NA,NA,NA
1909,3,1909-03-01,1.48217122975195,32.8156801616394,NA,NA,NA,NA,NA,NA
1909,4,1909-04-01,1.01926459137207,24.1323249163559,NA,NA,NA,NA,NA,NA
1909,5,1909-05-01,0.623725038459961,16.38716541089,NA,NA,NA,NA,NA,NA
1909,6,1909-06-01,-2.02737175791992,-61.1034310141243,NA,NA,NA,NA,NA,NA
1909,7,1909-07-01,-0.599820005866211,-19.2401358211096,NA,NA,NA,NA,NA,NA
1909,8,1909-08-01,-1.40891939086035,-45.7299305005178,NA,NA,NA,NA,NA,NA
1909,9,1909-09-01,3.98904466146484,98.5250687041458,NA,NA,NA,NA,NA,NA
1909,10,1909-10-01,-2.37488401804199,-55.6876807298839,NA,NA,NA,NA,NA,NA
1909,11,1909-11-01,0.967724747472656,18.4911417788496,NA,NA,NA,NA,NA,NA
1909,12,1909-12-01,-2.66673756823633,-56.162660747302,NA,NA,NA,NA,NA,NA
1910,1,1910-01-01,-1.00237005099902,-22.118024593031,NA,NA,NA,NA,NA,NA
1910,2,1910-02-01,1.6615143384082,43.2236421629375,NA,NA,NA,NA,NA,NA
1910,3,1910-03-01,-1.43790601145898,-31.8356360097701,NA,NA,NA,NA,NA,NA
1910,4,1910-04-01,1.13226139205566,26.8076611653415,NA,NA,NA,NA,NA,NA
1910,5,1910-05-01,-1.8392515007002,-48.3227651861159,NA,NA,NA,NA,NA,NA
1910,6,1910-06-01,0.327337006240234,9.86568649831224,NA,NA,NA,NA,NA,NA
1910,7,1910-07-01,-1.65416204912793,-53.0597548999477,NA,NA,NA,NA,NA,NA
1910,8,1910-08-01,0.10840580103418,3.51857585274541,NA,NA,NA,NA,NA,NA
1910,9,1910-09-01,-1.45544800542969,-35.947984266893,NA,NA,NA,NA,NA,NA
1910,10,1910-10-01,-2.18080172819824,-51.1367247631776,NA,NA,NA,NA,NA,NA
1910,11,1910-11-01,-3.28266971063281,-62.7247687846918,NA,NA,NA,NA,NA,NA
1910,12,1910-12-01,-0.831298892552735,-17.5075186393105,NA,NA,NA,NA,NA,NA
1911,1,1911-01-01,-0.172868188206055,-3.81446236774881,NA,NA,NA,NA,NA,NA
1911,2,1911-02-01,0.228042845830078,5.93244496187765,NA,NA,NA,NA,NA,NA
1911,3,1911-03-01,0.0613104723300788,1.35743078138119,NA,NA,NA,NA,NA,NA
1911,4,1911-04-01,-2.50512830589355,-59.3119497593881,NA,NA,NA,NA,NA,NA
1911,5,1911-05-01,-3.68414822775098,-96.7938477433244,NA,NA,NA,NA,NA,NA
1911,6,1911-06-01,0.222606388662109,6.70918594963273,NA,NA,NA,NA,NA,NA
1911,7,1911-07-01,1.10055308261035,35.3019082069214,NA,NA,NA,NA,NA,NA
1911,8,1911-08-01,-0.756160057071289,-24.5430271465155,NA,NA,NA,NA,NA,NA
1911,9,1911-09-01,1.07604173509766,26.5770616466584,NA,NA,NA,NA,NA,NA
1911,10,1911-10-01,-2.12528373562012,-49.834906138787,NA,NA,NA,NA,NA,NA
1911,11,1911-11-01,1.66181499678906,31.7537159157061,NA,NA,NA,NA,NA,NA
1911,12,1911-12-01,-0.530140695970704,-11.164995165172,NA,NA,NA,NA,NA,NA
1912,1,1912-01-01,1.27832753884473,28.2072273746974,NA,NA,NA,NA,NA,NA
1912,2,1912-02-01,0.724898121513672,18.8579395823394,NA,NA,NA,NA,NA,NA
1912,3,1912-03-01,1.47744220406836,32.7109782276159,NA,NA,NA,NA,NA,NA
1912,4,1912-04-01,-0.316550598471679,-7.49471919210124,NA,NA,NA,NA,NA,NA
1912,5,1912-05-01,5.53122338240527,145.322164259847,NA,NA,NA,NA,NA,NA
1912,6,1912-06-01,-2.09392414375977,-63.1092689178557,NA,NA,NA,NA,NA,NA
1912,7,1912-07-01,0.992708228606446,31.8426210568597,NA,NA,NA,NA,NA,NA
1912,8,1912-08-01,1.17101402740137,38.0081290921091,NA,NA,NA,NA,NA,NA
1912,9,1912-09-01,-0.549166758164062,-13.5638222105737,NA,NA,NA,NA,NA,NA
1912,10,1912-10-01,0.777492192114258,18.2310953442404,NA,NA,NA,NA,NA,NA
1912,11,1912-11-01,0.0870109967890622,1.6625932964384,NA,NA,NA,NA,NA,NA
1912,12,1912-12-01,1.34389913244727,28.3031041198953,NA,NA,NA,NA,NA,NA
1913,1,1913-01-01,-0.37048763547168,-8.17507927796667,NA,NA,NA,NA,NA,NA
1913,2,1913-02-01,-0.488077742646484,-12.6971505500562,NA,NA,NA,NA,NA,NA
1913,3,1913-03-01,3.32076258922461,73.5226003806384,NA,NA,NA,NA,NA,NA
1913,4,1913-04-01,-1.39807492757324,-33.1011188804187,NA,NA,NA,NA,NA,NA
1913,5,1913-05-01,0.145401391877929,3.82013950499796,NA,NA,NA,NA,NA,NA
1913,6,1913-06-01,-3.0356538599707,-91.4922808265767,NA,NA,NA,NA,NA,NA
1913,7,1913-07-01,0.191888098821289,6.15510160993127,NA,NA,NA,NA,NA,NA
1913,8,1913-08-01,-0.919945824649414,-29.8590954871946,NA,NA,NA,NA,NA,NA
1913,9,1913-09-01,-0.261349796640625,-6.45505599838946,NA,NA,NA,NA,NA,NA
1913,10,1913-10-01,5.07748374885254,119.059832719913,NA,NA,NA,NA,NA,NA
1913,11,1913-11-01,-3.78936751131641,-72.406675645027,NA,NA,NA,NA,NA,NA
1913,12,1913-12-01,-0.163199060814454,-3.43704367312839,NA,NA,NA,NA,NA,NA
1914,1,1914-01-01,-0.38033016047168,-8.3922617544289,NA,NA,NA,NA,NA,NA
1914,2,1914-02-01,-0.763668442646484,-19.8665342411085,NA,NA,NA,NA,NA,NA
1914,3,1914-03-01,-0.206821439193359,-4.57908375422658,NA,NA,NA,NA,NA,NA
1914,4,1914-04-01,-0.655541000522461,-15.520727939058,NA,NA,NA,NA,NA,NA
1914,5,1914-05-01,-2.31761359464551,-60.8908012218935,NA,NA,NA,NA,NA,NA
1914,6,1914-06-01,0.826153097451172,24.8996211967587,NA,NA,NA,NA,NA,NA
1914,7,1914-07-01,-0.445876763288086,-14.3021729872961,NA,NA,NA,NA,NA,NA
1914,8,1914-08-01,0.154081268612305,5.00108505197704,NA,NA,NA,NA,NA,NA
1914,9,1914-09-01,-2.22316495542969,-54.9097587425669,NA,NA,NA,NA,NA,NA
1914,10,1914-10-01,-0.631988145776367,-14.8192306738759,NA,NA,NA,NA,NA,NA
1914,11,1914-11-01,-1.84408471873828,-35.2364988861289,NA,NA,NA,NA,NA,NA
1914,12,1914-12-01,-2.79430591960352,-58.8493060795108,NA,NA,NA,NA,NA,NA
1915,1,1915-01-01,0.00864181384472662,0.190687911071922,NA,NA,NA,NA,NA,NA
1915,2,1915-02-01,-0.437288775751953,-11.3758955478407,NA,NA,NA,NA,NA,NA
1915,3,1915-03-01,-4.10092418177148,-90.7955933935293,NA,NA,NA,NA,NA,NA
1915,4,1915-04-01,-0.439389924155273,-10.4030891531455,NA,NA,NA,NA,NA,NA
1915,5,1915-05-01,0.77413112361621,20.3387935230876,NA,NA,NA,NA,NA,NA
1915,6,1915-06-01,-0.439995470126953,-13.2611262588632,NA,NA,NA,NA,NA,NA
1915,7,1915-07-01,4.19268227450488,134.486638703787,NA,NA,NA,NA,NA,NA
1915,8,1915-08-01,0.859590384823242,27.9001118246207,NA,NA,NA,NA,NA,NA
1915,9,1915-09-01,-2.50821370679687,-61.950153171786,NA,NA,NA,NA,NA,NA
1915,10,1915-10-01,-1.86230377077637,-43.6683968653578,NA,NA,NA,NA,NA,NA
1915,11,1915-11-01,-0.687780268054688,-13.1420039453458,NA,NA,NA,NA,NA,NA
1915,12,1915-12-01,-0.268698625658203,-5.65891069892131,NA,NA,NA,NA,NA,NA
1916,1,1916-01-01,-2.48859132599902,-54.9125785388252,NA,NA,NA,NA,NA,NA
1916,2,1916-02-01,-0.147126525068359,-3.82743869566826,NA,NA,NA,NA,NA,NA
1916,3,1916-03-01,-0.228467304720703,-5.05832919207391,NA,NA,NA,NA,NA,NA
1916,4,1916-04-01,-0.190981509995117,-4.52171878747826,NA,NA,NA,NA,NA,NA
1916,5,1916-05-01,0.206417357405273,5.42321563333578,NA,NA,NA,NA,NA,NA
1916,6,1916-06-01,1.87695798329102,56.5700751233225,NA,NA,NA,NA,NA,NA
1916,7,1916-07-01,1.72774491981738,55.4200370051231,NA,NA,NA,NA,NA,NA
1916,8,1916-08-01,-0.674651646915039,-21.8974720098395,NA,NA,NA,NA,NA,NA
1916,9,1916-09-01,0.496524628359375,12.2636188045194,NA,NA,NA,NA,NA,NA
1916,10,1916-10-01,-1.5835603869873,-37.1322576501002,NA,NA,NA,NA,NA,NA
1916,11,1916-11-01,-2.47085363494922,-47.2127069168736,NA,NA,NA,NA,NA,NA
1916,12,1916-12-01,1.40649143986914,29.62132551858,NA,NA,NA,NA,NA,NA
1917,1,1917-01-01,0.983051788844726,21.691753080831,NA,NA,NA,NA,NA,NA
1917,2,1917-02-01,-0.0388587500683593,-1.01089510275483,NA,NA,NA,NA,NA,NA
1917,3,1917-03-01,0.514451095962891,11.3900892724442,NA,NA,NA,NA,NA,NA
1917,4,1917-04-01,-0.416552190366211,-9.86237811813443,NA,NA,NA,NA,NA,NA
1917,5,1917-05-01,1.18790164724902,31.209811351173,NA,NA,NA,NA,NA,NA
1917,6,1917-06-01,6.27575926366211,189.146574490053,NA,NA,NA,NA,NA,NA
1917,7,1917-07-01,0.231681119817383,7.43152307171874,NA,NA,NA,NA,NA,NA
1917,8,1917-08-01,4.19190025513574,136.05839239348,NA,NA,NA,NA,NA,NA
1917,9,1917-09-01,-1.80781808990234,-44.6511424735012,NA,NA,NA,NA,NA,NA
1917,10,1917-10-01,2.4321898130127,57.0314207988965,NA,NA,NA,NA,NA,NA
1917,11,1917-11-01,-2.86140195116016,-54.6752465547281,NA,NA,NA,NA,NA,NA
1917,12,1917-12-01,-1.51950669528711,-32.0014762784116,NA,NA,NA,NA,NA,NA
1918,1,1918-01-01,0.0759631469501949,1.6761821153115,NA,NA,NA,NA,NA,NA
1918,2,1918-02-01,0.298939783720703,7.77680092257806,NA,NA,NA,NA,NA,NA
1918,3,1918-03-01,-2.26783079524805,-50.210399813273,NA,NA,NA,NA,NA,NA
1918,4,1918-04-01,0.401569252895508,9.50763890880145,NA,NA,NA,NA,NA,NA
1918,5,1918-05-01,-2.35383101085645,-61.8423435740638,NA,NA,NA,NA,NA,NA
1918,6,1918-06-01,0.487585616396484,14.6954567945297,NA,NA,NA,NA,NA,NA
1918,7,1918-07-01,-0.343145408600586,-11.0069090782177,NA,NA,NA,NA,NA,NA
1918,8,1918-08-01,0.601723919295898,19.5304239464669,NA,NA,NA,NA,NA,NA
1918,9,1918-09-01,4.77329397767578,117.895174661417,NA,NA,NA,NA,NA,NA
1918,10,1918-10-01,2.3542570076416,55.2040064279549,NA,NA,NA,NA,NA,NA
1918,11,1918-11-01,0.148834356945312,2.84390494614012,NA,NA,NA,NA,NA,NA
1918,12,1918-12-01,-0.885240543236328,-18.6435534196266,NA,NA,NA,NA,NA,NA
1919,1,1919-01-01,-0.228770654416993,-5.04799096453029,NA,NA,NA,NA,NA,NA
1919,2,1919-02-01,-0.783353492646484,-20.3786330761837,NA,NA,NA,NA,NA,NA
1919,3,1919-03-01,1.99832708180273,44.2435132044461,NA,NA,NA,NA,NA,NA
1919,4,1919-04-01,0.640135142055664,15.15597556241,NA,NA,NA,NA,NA,NA
1919,5,1919-05-01,0.280044058088867,7.35761436412778,NA,NA,NA,NA,NA,NA
1919,6,1919-06-01,-1.75731747823242,-52.9642019928596,NA,NA,NA,NA,NA,NA
1919,7,1919-07-01,0.317880108293946,10.1964862768661,NA,NA,NA,NA,NA,NA
1919,8,1919-08-01,1.79186204966699,58.1592726520355,NA,NA,NA,NA,NA,NA
1919,9,1919-09-01,2.26264270804687,55.884816336298,NA,NA,NA,NA,NA,NA
1919,10,1919-10-01,-0.502036057885742,-11.7720374949007,NA,NA,NA,NA,NA,NA
1919,11,1919-11-01,1.10828830762891,21.1770095595147,NA,NA,NA,NA,NA,NA
1919,12,1919-12-01,-1.62973528581445,-34.3229386555794,NA,NA,NA,NA,NA,NA
1920,1,1920-01-01,-1.36381371320606,-30.0935420196766,NA,NA,NA,NA,NA,NA
1920,2,1920-02-01,3.33512806204102,86.7620450746994,NA,NA,NA,NA,NA,NA
1920,3,1920-03-01,0.730986645962891,16.1842461213892,NA,NA,NA,NA,NA,NA
1920,4,1920-04-01,6.70155420016113,158.667420385079,NA,NA,NA,NA,NA,NA
1920,5,1920-05-01,-1.30656328243848,-34.3274156220829,NA,NA,NA,NA,NA,NA
1920,6,1920-06-01,-0.408468632236328,-12.3109315268818,NA,NA,NA,NA,NA,NA
1920,7,1920-07-01,0.482857744133789,15.4883939991172,NA,NA,NA,NA,NA,NA
1920,8,1920-08-01,-0.801028130020508,-25.9993303750536,NA,NA,NA,NA,NA,NA
1920,9,1920-09-01,2.56818390404297,63.4313518810787,NA,NA,NA,NA,NA,NA
1920,10,1920-10-01,-1.25952600925293,-29.5341085044187,NA,NA,NA,NA,NA,NA
1920,11,1920-11-01,-1.57752914910938,-30.1431943666127,NA,NA,NA,NA,NA,NA
1920,12,1920-12-01,-0.508879304076173,-10.7172209431372,NA,NA,NA,NA,NA,NA
1921,1,1921-01-01,-2.14371847736621,-47.3027081721609,NA,NA,NA,NA,NA,NA
1921,2,1921-02-01,-0.838102537958984,-21.8029079612365,NA,NA,NA,NA,NA,NA
1921,3,1921-03-01,-0.0579916959316407,-1.28395215581282,NA,NA,NA,NA,NA,NA
1921,4,1921-04-01,-0.842933449155273,-19.9574713475493,NA,NA,NA,NA,NA,NA
1921,5,1921-05-01,-2.2821651257002,-59.9594614674339,NA,NA,NA,NA,NA,NA
1921,6,1921-06-01,-2.03486899375977,-61.3293919564857,NA,NA,NA,NA,NA,NA
1921,7,1921-07-01,-0.995481821393554,-31.931588249375,NA,NA,NA,NA,NA,NA
1921,8,1921-08-01,-0.167569372598633,-5.43887451096227,NA,NA,NA,NA,NA,NA
1921,9,1921-09-01,-1.24560229664062,-30.7650232748944,NA,NA,NA,NA,NA,NA
1921,10,1921-10-01,-1.65518782478027,-38.8118200443105,NA,NA,NA,NA,NA,NA
1921,11,1921-11-01,0.936620830578125,17.8968127212572,NA,NA,NA,NA,NA,NA
1921,12,1921-12-01,-2.52617400808008,-53.2023306283884,NA,NA,NA,NA,NA,NA
1922,1,1922-01-01,-1.62875449357715,-35.939653134134,NA,NA,NA,NA,NA,NA
1922,2,1922-02-01,-0.53809776227539,-13.9984016915265,NA,NA,NA,NA,NA,NA
1922,3,1922-03-01,0.0538132364902344,1.19143991036834,NA,NA,NA,NA,NA,NA
1922,4,1922-04-01,-1.08899657415527,-25.783314149015,NA,NA,NA,NA,NA,NA
1922,5,1922-05-01,-2.00934263585645,-52.7915797997054,NA,NA,NA,NA,NA,NA
1922,6,1922-06-01,1.83324333124023,55.2525490132459,NA,NA,NA,NA,NA,NA
1922,7,1922-07-01,-0.0372197389716797,-1.19387954059187,NA,NA,NA,NA,NA,NA
1922,8,1922-08-01,2.7229802936123,88.3809963784597,NA,NA,NA,NA,NA,NA
1922,9,1922-09-01,-1.79286206558594,-44.2817449238699,NA,NA,NA,NA,NA,NA
1922,10,1922-10-01,-0.981590020092773,-23.0169015544742,NA,NA,NA,NA,NA,NA
1922,11,1922-11-01,-2.99093111805469,-57.1502707760248,NA,NA,NA,NA,NA,NA
1922,12,1922-12-01,-0.864786545970703,-18.2127832819729,NA,NA,NA,NA,NA,NA
1923,1,1923-01-01,2.11809484763379,46.7373041359773,NA,NA,NA,NA,NA,NA
1923,2,1923-02-01,-1.50343415954102,-39.1112484709549,NA,NA,NA,NA,NA,NA
1923,3,1923-03-01,0.231363160123047,5.12244423004667,NA,NA,NA,NA,NA,NA
1923,4,1923-04-01,3.89566562789551,92.234606689615,NA,NA,NA,NA,NA,NA
1923,5,1923-05-01,-2.13529619796582,-56.1007653047052,NA,NA,NA,NA,NA,NA
1923,6,1923-06-01,-0.0608275734472659,-1.83329644569232,NA,NA,NA,NA,NA,NA
1923,7,1923-07-01,-0.300622624811523,-9.64292633740912,NA,NA,NA,NA,NA,NA
1923,8,1923-08-01,0.231629600350586,7.51810614191831,NA,NA,NA,NA,NA,NA
1923,9,1923-09-01,-2.27749107974609,-56.2515549832584,NA,NA,NA,NA,NA,NA
1923,10,1923-10-01,-1.04614314304199,-24.5305812430835,NA,NA,NA,NA,NA,NA
1923,11,1923-11-01,-2.06692563631641,-39.494510280203,NA,NA,NA,NA,NA,NA
1923,12,1923-12-01,-0.621876104759766,-13.0969830381829,NA,NA,NA,NA,NA,NA
1924,1,1924-01-01,0.367317265895507,8.10512276621247,NA,NA,NA,NA,NA,NA
1924,2,1924-02-01,-0.106180083173828,-2.76223311099042,NA,NA,NA,NA,NA,NA
1924,3,1924-03-01,-2.7135126304043,-60.0779186685591,NA,NA,NA,NA,NA,NA
1924,4,1924-04-01,0.464546033950196,10.9986905508016,NA,NA,NA,NA,NA,NA
1924,5,1924-05-01,-0.210505850016602,-5.53063284536317,NA,NA,NA,NA,NA,NA
1924,6,1924-06-01,-1.30140864444336,-39.2234591491586,NA,NA,NA,NA,NA,NA
1924,7,1924-07-01,-0.973067008600586,-31.2125991554406,NA,NA,NA,NA,NA,NA
1924,8,1924-08-01,1.22457120445215,39.7464584814439,NA,NA,NA,NA,NA,NA
1924,9,1924-09-01,-0.242856614902343,-5.99829450385825,NA,NA,NA,NA,NA,NA
1924,10,1924-10-01,-2.93825323220215,-68.8978942362521,NA,NA,NA,NA,NA,NA
1924,11,1924-11-01,-2.21613985321094,-42.3456735342406,NA,NA,NA,NA,NA,NA
1924,12,1924-12-01,-2.10767445876367,-44.388546890868,NA,NA,NA,NA,NA,NA
1925,1,1925-01-01,-0.787410842893555,-17.3747932418582,NA,NA,NA,NA,NA,NA
1925,2,1925-02-01,-0.960903416279297,-24.9975245222328,NA,NA,NA,NA,NA,NA
1925,3,1925-03-01,0.638866763541015,14.1446864960212,NA,NA,NA,NA,NA,NA
1925,4,1925-04-01,-2.50397488499512,-59.2846411212563,NA,NA,NA,NA,NA,NA
1925,5,1925-05-01,-2.23137615880566,-58.6250798886473,NA,NA,NA,NA,NA,NA
1925,6,1925-06-01,0.476551223134766,14.3628886383362,NA,NA,NA,NA,NA,NA
1925,7,1925-07-01,-0.433304475495117,-13.8988978008183,NA,NA,NA,NA,NA,NA
1925,8,1925-08-01,-1.88093766986426,-61.0504401292778,NA,NA,NA,NA,NA,NA
1925,9,1925-09-01,3.863437125625,95.4226990521012,NA,NA,NA,NA,NA,NA
1925,10,1925-10-01,3.90149424816895,91.4845375230737,NA,NA,NA,NA,NA,NA
1925,11,1925-11-01,0.796864665050781,15.2263725181068,NA,NA,NA,NA,NA,NA
1925,12,1925-12-01,-1.20296955339258,-25.335065482729,NA,NA,NA,NA,NA,NA
1926,1,1926-01-01,0.260625832790039,5.75089865612404,NA,NA,NA,NA,NA,NA
1926,2,1926-02-01,0.382793483037109,9.95822193683381,NA,NA,NA,NA,NA,NA
1926,3,1926-03-01,-1.07846161214258,-23.8774377887496,NA,NA,NA,NA,NA,NA
1926,4,1926-04-01,-0.758695276206054,-17.963030475985,NA,NA,NA,NA,NA,NA
1926,5,1926-05-01,-2.08569909933301,-54.7976977523701,NA,NA,NA,NA,NA,NA
1926,6,1926-06-01,0.00334107586914056,0.100697466108754,NA,NA,NA,NA,NA,NA
1926,7,1926-07-01,-1.36753695586621,-43.865820602725,NA,NA,NA,NA,NA,NA
1926,8,1926-08-01,1.69897321997949,55.1443381189179,NA,NA,NA,NA,NA,NA
1926,9,1926-09-01,-0.588536858164062,-14.5362209016339,NA,NA,NA,NA,NA,NA
1926,10,1926-10-01,4.20426723400879,98.5841370155087,NA,NA,NA,NA,NA,NA
1926,11,1926-11-01,-0.908660370105469,-17.3625483654555,NA,NA,NA,NA,NA,NA
1926,12,1926-12-01,-0.830914418919922,-17.4994214562719,NA,NA,NA,NA,NA,NA
1927,1,1927-01-01,-0.379561213206055,-8.37529437345529,NA,NA,NA,NA,NA,NA
1927,2,1927-02-01,-0.878626058857422,-22.8571114225045,NA,NA,NA,NA,NA,NA
1927,3,1927-03-01,-2.2256924850918,-49.2774459946573,NA,NA,NA,NA,NA,NA
1927,4,1927-04-01,-1.95394690589355,-46.2620618841049,NA,NA,NA,NA,NA,NA
1927,5,1927-05-01,0.907197447932617,23.8348530569106,NA,NA,NA,NA,NA,NA
1927,6,1927-06-01,1.29348079813477,38.9845199372871,NA,NA,NA,NA,NA,NA
1927,7,1927-07-01,1.23757948534473,39.6972377622938,NA,NA,NA,NA,NA,NA
1927,8,1927-08-01,2.6292840692959,85.3398558746486,NA,NA,NA,NA,NA,NA
1927,9,1927-09-01,-1.14048720542969,-28.1687947384114,NA,NA,NA,NA,NA,NA
1927,10,1927-10-01,1.50345530559082,35.2539064701017,NA,NA,NA,NA,NA,NA
1927,11,1927-11-01,-0.582280703210937,-11.1261338167504,NA,NA,NA,NA,NA,NA
1927,12,1927-12-01,1.98366325744727,41.7768166961323,NA,NA,NA,NA,NA,NA
1928,1,1928-01-01,-1.03743404631152,-22.8917371654276,NA,NA,NA,NA,NA,NA
1928,2,1928-02-01,-0.943986576435547,-24.5574395858401,NA,NA,NA,NA,NA,NA
1928,3,1928-03-01,-1.52452792093164,-33.7534689963954,NA,NA,NA,NA,NA,NA
1928,4,1928-04-01,0.633445300844727,14.9975854612452,NA,NA,NA,NA,NA,NA
1928,5,1928-05-01,2.4422468742998,64.1652988666242,NA,NA,NA,NA,NA,NA
1928,6,1928-06-01,0.467900566396484,14.102164474073,NA,NA,NA,NA,NA,NA
1928,7,1928-07-01,-0.304159782233398,-9.75638602290134,NA,NA,NA,NA,NA,NA
1928,8,1928-08-01,0.136357034139648,4.42580160008665,NA,NA,NA,NA,NA,NA
1928,9,1928-09-01,0.360305620253906,8.89915731777496,NA,NA,NA,NA,NA,NA
1928,10,1928-10-01,-0.639446934252929,-14.9941287439118,NA,NA,NA,NA,NA,NA
1928,11,1928-11-01,-3.20235316873828,-61.1900921452473,NA,NA,NA,NA,NA,NA
1928,12,1928-12-01,-0.122637092552734,-2.58279086255566,NA,NA,NA,NA,NA,NA
1929,1,1929-01-01,0.759441924000976,16.7576386937051,NA,NA,NA,NA,NA,NA
1929,2,1929-02-01,-0.909729975751953,-23.6662675896448,NA,NA,NA,NA,NA,NA
1929,3,1929-03-01,-2.1674447297207,-47.987824612173,NA,NA,NA,NA,NA,NA
1929,4,1929-04-01,3.60550337721191,85.3646636235741,NA,NA,NA,NA,NA,NA
1929,5,1929-05-01,1.46233892635059,38.4201184740937,NA,NA,NA,NA,NA,NA
1929,6,1929-06-01,-1.79707205186523,-54.1623743744069,NA,NA,NA,NA,NA,NA
1929,7,1929-07-01,-0.665180523444336,-21.3366734878136,NA,NA,NA,NA,NA,NA
1929,8,1929-08-01,-1.23921272933691,-40.2216850414198,NA,NA,NA,NA,NA,NA
1929,9,1929-09-01,-0.177496097324219,-4.38396073940284,NA,NA,NA,NA,NA,NA
1929,10,1929-10-01,-0.166621260620117,-3.90703356194794,NA,NA,NA,NA,NA,NA
1929,11,1929-11-01,-0.60235022684375,-11.5096193149744,NA,NA,NA,NA,NA,NA
1929,12,1929-12-01,-1.09312543649805,-23.0217002885998,NA,NA,NA,NA,NA,NA
1930,1,1930-01-01,-2.17324605236621,-47.9542556015475,NA,NA,NA,NA,NA,NA
1930,2,1930-02-01,0.0181971370410157,0.473391364533356,NA,NA,NA,NA,NA,NA
1930,3,1930-03-01,2.00263318649023,44.338851550874,NA,NA,NA,NA,NA,NA
1930,4,1930-04-01,-3.14020185257324,-74.3480859147961,NA,NA,NA,NA,NA,NA
1930,5,1930-05-01,-0.572333985856445,-15.0369651980961,NA,NA,NA,NA,NA,NA
1930,6,1930-06-01,-3.02777215049805,-91.2547321435814,NA,NA,NA,NA,NA,NA
1930,7,1930-07-01,-0.291164573444336,-9.33954500446254,NA,NA,NA,NA,NA,NA
1930,8,1930-08-01,-1.89393287865332,-61.4722314671063,NA,NA,NA,NA,NA,NA
1930,9,1930-09-01,-2.78103619664062,-68.6885722262422,NA,NA,NA,NA,NA,NA
1930,10,1930-10-01,-0.076462193725586,-1.79293060197842,NA,NA,NA,NA,NA,NA
1930,11,1930-11-01,-1.42558516942188,-27.2398712076443,NA,NA,NA,NA,NA,NA
1930,12,1930-12-01,-0.546673062181641,-11.513174035832,NA,NA,NA,NA,NA,NA
1931,1,1931-01-01,-0.985453211155274,-21.7447422116116,NA,NA,NA,NA,NA,NA
1931,2,1931-02-01,-1.57233183454102,-40.903594393718,NA,NA,NA,NA,NA,NA
1931,3,1931-03-01,0.68727199391211,15.216391658099,NA,NA,NA,NA,NA,NA
1931,4,1931-04-01,0.256661140688477,6.07676367150076,NA,NA,NA,NA,NA,NA
1931,5,1931-05-01,0.147746681038086,3.88175742801536,NA,NA,NA,NA,NA,NA
1931,6,1931-06-01,1.10570387586914,33.3250674116811,NA,NA,NA,NA,NA,NA
1931,7,1931-07-01,0.648219853606446,20.7926342958785,NA,NA,NA,NA,NA,NA
1931,8,1931-08-01,2.31709147945215,75.206880539833,NA,NA,NA,NA,NA,NA
1931,9,1931-09-01,0.653620554726563,16.1437174877928,NA,NA,NA,NA,NA,NA
1931,10,1931-10-01,2.56410271643066,60.1245923364895,NA,NA,NA,NA,NA,NA
1931,11,1931-11-01,-3.88502455116016,-74.2344762572521,NA,NA,NA,NA,NA,NA
1931,12,1931-12-01,-1.80178723649805,-37.9464280653546,NA,NA,NA,NA,NA,NA
1932,1,1932-01-01,0.838182124000976,18.4950985054028,NA,NA,NA,NA,NA,NA
1932,2,1932-02-01,-0.998735621748047,-25.9817144708929,NA,NA,NA,NA,NA,NA
1932,3,1932-03-01,0.0420098959628907,0.930110692927617,NA,NA,NA,NA,NA,NA
1932,4,1932-04-01,-1.24886071067871,-29.5682913940923,NA,NA,NA,NA,NA,NA
1932,5,1932-05-01,-2.3510628007002,-61.7696142223056,NA,NA,NA,NA,NA,NA
1932,6,1932-06-01,-1.91045332618164,-57.5795990873495,NA,NA,NA,NA,NA,NA
1932,7,1932-07-01,1.42458746034473,45.6958020039694,NA,NA,NA,NA,NA,NA
1932,8,1932-08-01,1.25094609566309,40.6025201907645,NA,NA,NA,NA,NA,NA
1932,9,1932-09-01,1.6051927959375,39.6465178820701,NA,NA,NA,NA,NA,NA
1932,10,1932-10-01,1.9605560076416,45.9722732466807,NA,NA,NA,NA,NA,NA
1932,11,1932-11-01,-1.63031737889453,-31.1518640774588,NA,NA,NA,NA,NA,NA
1932,12,1932-12-01,-1.95296226891992,-41.1302404361337,NA,NA,NA,NA,NA,NA
1933,1,1933-01-01,-1.40829731252246,-31.0751050089999,NA,NA,NA,NA,NA,NA
1933,2,1933-02-01,-0.461702851435547,-12.0110181264984,NA,NA,NA,NA,NA,NA
1933,3,1933-03-01,1.07193786354102,23.7330001939114,NA,NA,NA,NA,NA,NA
1933,4,1933-04-01,1.9802948839502,46.8858822078306,NA,NA,NA,NA,NA,NA
1933,5,1933-05-01,-1.60933626827832,-42.2821884706401,NA,NA,NA,NA,NA,NA
1933,6,1933-06-01,-0.598244817392578,-18.0306403037842,NA,NA,NA,NA,NA,NA
1933,7,1933-07-01,-0.533690541022461,-17.1189330053855,NA,NA,NA,NA,NA,NA
1933,8,1933-08-01,1.77848236724512,57.7250022805434,NA,NA,NA,NA,NA,NA
1933,9,1933-09-01,-0.259773454746093,-6.41612206642318,NA,NA,NA,NA,NA,NA
1933,10,1933-10-01,1.7046503576416,39.9716466788524,NA,NA,NA,NA,NA,NA
1933,11,1933-11-01,-1.81059706532031,-34.5966217425405,NA,NA,NA,NA,NA,NA
1933,12,1933-12-01,-0.150203852025391,-3.16335888642357,NA,NA,NA,NA,NA,NA
1934,1,1934-01-01,-1.5086833780498,-33.2901965951048,NA,NA,NA,NA,NA,NA
1934,2,1934-02-01,0.410321795146484,10.6743601515092,NA,NA,NA,NA,NA,NA
1934,3,1934-03-01,-1.03947598577539,-23.0142852594829,NA,NA,NA,NA,NA,NA
1934,4,1934-04-01,2.40156264342285,56.8599071415275,NA,NA,NA,NA,NA,NA
1934,5,1934-05-01,-1.50422117706738,-39.5204933635982,NA,NA,NA,NA,NA,NA
1934,6,1934-06-01,0.947416081240234,28.5543945926967,NA,NA,NA,NA,NA,NA
1934,7,1934-07-01,-0.388820876178711,-12.4720189300086,NA,NA,NA,NA,NA,NA
1934,8,1934-08-01,-1.34475074154395,-43.6471797820687,NA,NA,NA,NA,NA,NA
1934,9,1934-09-01,4.936272350625,121.920563383492,NA,NA,NA,NA,NA,NA
1934,10,1934-10-01,-0.941028051831054,-22.0657806065988,NA,NA,NA,NA,NA,NA
1934,11,1934-11-01,0.546456988,10.4416195488859,NA,NA,NA,NA,NA,NA
1934,12,1934-12-01,-0.654133442552735,-13.7763366951218,NA,NA,NA,NA,NA,NA
1935,1,1935-01-01,5.34013768005566,117.834023891599,NA,NA,NA,NA,NA,NA
1935,2,1935-02-01,-0.112100977119141,-2.91626283872787,NA,NA,NA,NA,NA,NA
1935,3,1935-03-01,-2.65407300677148,-58.7619089937599,NA,NA,NA,NA,NA,NA
1935,4,1935-04-01,-0.975615299838867,-23.0988750206522,NA,NA,NA,NA,NA,NA
1935,5,1935-05-01,-1.86601086554395,-49.0258155864456,NA,NA,NA,NA,NA,NA
1935,6,1935-06-01,1.11000998055664,33.454850106781,NA,NA,NA,NA,NA,NA
1935,7,1935-07-01,-1.11243870049512,-35.6831574153242,NA,NA,NA,NA,NA,NA
1935,8,1935-08-01,-0.355769215860351,-11.5473614892778,NA,NA,NA,NA,NA,NA
1935,9,1935-09-01,1.31107046683594,32.3820159420207,NA,NA,NA,NA,NA,NA
1935,10,1935-10-01,-3.20165611804199,-75.0743204105597,NA,NA,NA,NA,NA,NA
1935,11,1935-11-01,0.927970173839843,17.7315172478847,NA,NA,NA,NA,NA,NA
1935,12,1935-12-01,-1.34745474460352,-28.3779868686363,NA,NA,NA,NA,NA,NA
1936,1,1936-01-01,3.67951916521191,81.1912679409905,NA,NA,NA,NA,NA,NA
1936,2,1936-02-01,-0.303837977802734,-7.90422551552449,NA,NA,NA,NA,NA,NA
1936,3,1936-03-01,4.88572406422461,108.171279425287,NA,NA,NA,NA,NA,NA
1936,4,1936-04-01,0.82241409137207,19.4716506751833,NA,NA,NA,NA,NA,NA
1936,5,1936-05-01,-1.51248736017285,-39.7376712889874,NA,NA,NA,NA,NA,NA
1936,6,1936-06-01,1.70056148055664,51.2536197204805,NA,NA,NA,NA,NA,NA
1936,7,1936-07-01,-1.39825639912793,-44.8511933060759,NA,NA,NA,NA,NA,NA
1936,8,1936-08-01,-0.416400707754883,-13.5153050980222,NA,NA,NA,NA,NA,NA
1936,9,1936-09-01,0.126045835781251,3.11319518434744,NA,NA,NA,NA,NA,NA
1936,10,1936-10-01,1.35189579953613,31.7000498098885,NA,NA,NA,NA,NA,NA
1936,11,1936-11-01,-1.74919662616016,-33.4233912048703,NA,NA,NA,NA,NA,NA
1936,12,1936-12-01,4.69823934191992,98.9469775401956,NA,NA,NA,NA,NA,NA
1937,1,1937-01-01,0.133057481422851,2.93601015260206,NA,NA,NA,NA,NA,NA
1937,2,1937-02-01,-0.542403866962891,-14.1104233116992,NA,NA,NA,NA,NA,NA
1937,3,1937-03-01,-0.246576012826171,-5.45926098821259,NA,NA,NA,NA,NA,NA
1937,4,1937-04-01,0.301567661000977,7.13997998276826,NA,NA,NA,NA,NA,NA
1937,5,1937-05-01,0.17769717703418,4.66864860884407,NA,NA,NA,NA,NA,NA
1937,6,1937-06-01,2.04585725018555,61.6605695838031,NA,NA,NA,NA,NA,NA
1937,7,1937-07-01,-1.68288222949902,-53.9809982158464,NA,NA,NA,NA,NA,NA
1937,8,1937-08-01,-1.72034303343848,-55.8379477680063,NA,NA,NA,NA,NA,NA
1937,9,1937-09-01,1.99178103373047,49.1948272947755,NA,NA,NA,NA,NA,NA
1937,10,1937-10-01,1.20975589748535,28.3670695783289,NA,NA,NA,NA,NA,NA
1937,11,1937-11-01,1.855512813,35.4548652261521,NA,NA,NA,NA,NA,NA
1937,12,1937-12-01,-2.88484946013086,-60.756192685102,NA,NA,NA,NA,NA,NA
1938,1,1938-01-01,-1.65670572668262,-36.5564174325248,NA,NA,NA,NA,NA,NA
1938,2,1938-02-01,0.229234714091797,5.96345094603259,NA,NA,NA,NA,NA,NA
1938,3,1938-03-01,-2.13949349661523,-47.3689765956277,NA,NA,NA,NA,NA,NA
1938,4,1938-04-01,-0.878766391733398,-20.8058597055127,NA,NA,NA,NA,NA,NA
1938,5,1938-05-01,1.74185125740527,45.7637627419046,NA,NA,NA,NA,NA,NA
1938,6,1938-06-01,-0.300623778232422,-9.06057027906756,NA,NA,NA,NA,NA,NA
1938,7,1938-07-01,2.77970322655566,89.163194121999,NA,NA,NA,NA,NA,NA
1938,8,1938-08-01,-0.284487804336914,-9.23374864805269,NA,NA,NA,NA,NA,NA
1938,9,1938-09-01,2.505168675625,61.8749442105243,NA,NA,NA,NA,NA,NA
1938,10,1938-10-01,-1.03433980251465,-24.253809554934,NA,NA,NA,NA,NA,NA
1938,11,1938-11-01,-0.861408560632813,-16.4596677575678,NA,NA,NA,NA,NA,NA
1938,12,1938-12-01,-0.457667416185547,-9.63867616239517,NA,NA,NA,NA,NA,NA
1939,1,1939-01-01,-2.17678320978809,-48.0323055540261,NA,NA,NA,NA,NA,NA
1939,2,1939-02-01,-0.333365552802734,-8.67237376813725,NA,NA,NA,NA,NA,NA
1939,3,1939-03-01,0.877817126333984,19.4351134875329,NA,NA,NA,NA,NA,NA
1939,4,1939-04-01,0.313371001528321,7.41943837965107,NA,NA,NA,NA,NA,NA
1939,5,1939-05-01,-1.91995251622754,-50.4430278158457,NA,NA,NA,NA,NA,NA
1939,6,1939-06-01,-0.260830757236328,-7.86123912345695,NA,NA,NA,NA,NA,NA
1939,7,1939-07-01,-1.26280633828809,-40.5064273061945,NA,NA,NA,NA,NA,NA
1939,8,1939-08-01,-0.246309572598633,-7.99458060526058,NA,NA,NA,NA,NA,NA
1939,9,1939-09-01,-0.873162688535156,-21.5661696417888,NA,NA,NA,NA,NA,NA
1939,10,1939-10-01,-0.732758684936523,-17.182157692247,NA,NA,NA,NA,NA,NA
1939,11,1939-11-01,-4.38580145789844,-83.8032475491456,NA,NA,NA,NA,NA,NA
1939,12,1939-12-01,0.510014270240234,10.7411238274672,NA,NA,NA,NA,NA,NA
1940,1,1940-01-01,-2.17009336857715,-47.8846893395557,NA,NA,NA,NA,NA,NA
1940,2,1940-02-01,-0.908961028486328,-23.6462637288997,NA,NA,NA,NA,NA,NA
1940,3,1940-03-01,0.208140952701172,4.60829814752487,NA,NA,NA,NA,NA,NA
1940,4,1940-04-01,2.19329327652832,51.9288773828494,NA,NA,NA,NA,NA,NA
1940,5,1940-05-01,0.84145245672168,22.1075309526525,NA,NA,NA,NA,NA,NA
1940,6,1940-06-01,1.00331854745117,30.2392520808685,NA,NA,NA,NA,NA,NA
1940,7,1940-07-01,0.0556690907158206,1.78567046102988,NA,NA,NA,NA,NA,NA
1940,8,1940-08-01,-1.69512156312598,-55.0193231596763,NA,NA,NA,NA,NA,NA
1940,9,1940-09-01,1.74967798714844,43.2151451096133,NA,NA,NA,NA,NA,NA
1940,10,1940-10-01,-3.66660008220215,-85.9766006216094,NA,NA,NA,NA,NA,NA
1940,11,1940-11-01,1.11617001710156,21.3276121019207,NA,NA,NA,NA,NA,NA
1940,12,1940-12-01,-1.67264254323633,-35.2265842826876,NA,NA,NA,NA,NA,NA
1941,1,1941-01-01,-1.42559862599902,-31.4568710809062,NA,NA,NA,NA,NA,NA
1941,2,1941-02-01,-1.0451800365918,-27.1899476598984,NA,NA,NA,NA,NA,NA
1941,3,1941-03-01,0.241628606119141,5.34972403804886,NA,NA,NA,NA,NA,NA
1941,4,1941-04-01,-3.22286368362793,-76.3052049809135,NA,NA,NA,NA,NA,NA
1941,5,1941-05-01,-0.786101325700196,-20.6532873616488,NA,NA,NA,NA,NA,NA
1941,6,1941-06-01,-2.35336695118164,-70.9286762976242,NA,NA,NA,NA,NA,NA
1941,7,1941-07-01,-1.15453856328809,-37.0335743241718,NA,NA,NA,NA,NA,NA
1941,8,1941-08-01,1.5517198186123,50.3648682257722,NA,NA,NA,NA,NA,NA
1941,9,1941-09-01,-2.46334563384766,-60.8419605228922,NA,NA,NA,NA,NA,NA
1941,10,1941-10-01,-0.210297465307617,-4.93117896174555,NA,NA,NA,NA,NA,NA
1941,11,1941-11-01,-0.918887368738281,-17.5579643473092,NA,NA,NA,NA,NA,NA
1941,12,1941-12-01,-1.1403772459707,-24.0168440840442,NA,NA,NA,NA,NA,NA
1942,1,1942-01-01,0.251167781422851,5.54219987014863,NA,NA,NA,NA,NA,NA
1942,2,1942-02-01,-0.28649821696289,-7.45313845572194,NA,NA,NA,NA,NA,NA
1942,3,1942-03-01,2.89634214596289,64.1258146108399,NA,NA,NA,NA,NA,NA
1942,4,1942-04-01,-0.659462631577148,-15.6135773087064,NA,NA,NA,NA,NA,NA
1942,5,1942-05-01,-0.847501764860352,-22.266464788842,NA,NA,NA,NA,NA,NA
1942,6,1942-06-01,4.1151327893457,124.026948449618,NA,NA,NA,NA,NA,NA
1942,7,1942-07-01,1.24819095761035,40.0376168187705,NA,NA,NA,NA,NA,NA
1942,8,1942-08-01,-0.782534948282227,-25.3990888558361,NA,NA,NA,NA,NA,NA
1942,9,1942-09-01,-0.355853415585937,-8.78919270017263,NA,NA,NA,NA,NA,NA
1942,10,1942-10-01,-0.641407749780273,-15.0401071025295,NA,NA,NA,NA,NA,NA
1942,11,1942-11-01,-0.420455751160157,-8.03400649486322,NA,NA,NA,NA,NA,NA
1942,12,1942-12-01,-1.2234235506582,-25.7658356203827,NA,NA,NA,NA,NA,NA
1943,1,1943-01-01,-3.07445224767871,-67.8400261026189,NA,NA,NA,NA,NA,NA
1943,2,1943-02-01,-1.08139745280273,-28.1321295009937,NA,NA,NA,NA,NA,NA
1943,3,1943-03-01,-0.640277012826171,-14.1759098044764,NA,NA,NA,NA,NA,NA
1943,4,1943-04-01,-0.835859134311523,-19.7899783670071,NA,NA,NA,NA,NA,NA
1943,5,1943-05-01,2.16507983240527,56.8832725218307,NA,NA,NA,NA,NA,NA
1943,6,1943-06-01,0.211994916396484,6.38936430813656,NA,NA,NA,NA,NA,NA
1943,7,1943-07-01,1.88284158329395,60.3949975624666,NA,NA,NA,NA,NA,NA
1943,8,1943-08-01,5.58873141050683,181.395969596581,NA,NA,NA,NA,NA,NA
1943,9,1943-09-01,-1.40504351216797,-34.7030480520689,NA,NA,NA,NA,NA,NA
1943,10,1943-10-01,4.29442630090332,100.698239975478,NA,NA,NA,NA,NA,NA
1943,11,1943-11-01,2.83388286641797,54.1494159413011,NA,NA,NA,NA,NA,NA
1943,12,1943-12-01,-3.62696046618555,-76.3853753862154,NA,NA,NA,NA,NA,NA
1944,1,1944-01-01,-3.97561999562793,-87.7249482346416,NA,NA,NA,NA,NA,NA
1944,2,1944-02-01,0.137114831669922,3.56698842876676,NA,NA,NA,NA,NA,NA
1944,3,1944-03-01,0.728218435806641,16.1229571843999,NA,NA,NA,NA,NA,NA
1944,4,1944-04-01,-1.08507494310059,-25.6904647793667,NA,NA,NA,NA,NA,NA
1944,5,1944-05-01,-3.1778349007002,-83.4914472807657,NA,NA,NA,NA,NA,NA
1944,6,1944-06-01,-0.531730878916016,-16.0259611741162,NA,NA,NA,NA,NA,NA
1944,7,1944-07-01,-1.27307178428418,-40.8357070456121,NA,NA,NA,NA,NA,NA
1944,8,1944-08-01,-2.26441167123145,-73.4970283053185,NA,NA,NA,NA,NA,NA
1944,9,1944-09-01,2.09335896751953,51.7036918863585,NA,NA,NA,NA,NA,NA
1944,10,1944-10-01,-0.142591658569335,-3.34357328477056,NA,NA,NA,NA,NA,NA
1944,11,1944-11-01,1.99411555762891,38.1032660328528,NA,NA,NA,NA,NA,NA
1944,12,1944-12-01,-0.508456383080079,-10.7083140417948,NA,NA,NA,NA,NA,NA
1945,1,1945-01-01,-0.346073559788086,-7.63636493205454,NA,NA,NA,NA,NA,NA
1945,2,1945-02-01,0.125695964775391,3.26993109670166,NA,NA,NA,NA,NA,NA
1945,3,1945-03-01,-1.8080003304043,-40.0296263911525,NA,NA,NA,NA,NA,NA
1945,4,1945-04-01,0.884621925161133,20.9444965584289,NA,NA,NA,NA,NA,NA
1945,5,1945-05-01,5.92807706619434,155.748724938299,NA,NA,NA,NA,NA,NA
1945,6,1945-06-01,1.13165584608398,34.1072399044707,NA,NA,NA,NA,NA,NA
1945,7,1945-07-01,-0.363214932233398,-11.650669467641,NA,NA,NA,NA,NA,NA
1945,8,1945-08-01,-1.30853332533301,-42.4716548109607,NA,NA,NA,NA,NA,NA
1945,9,1945-09-01,-1.58144001490234,-39.059849999905,NA,NA,NA,NA,NA,NA
1945,10,1945-10-01,1.0204026333252,23.9270025941711,NA,NA,NA,NA,NA,NA
1945,11,1945-11-01,1.14489019747266,21.8763930735173,NA,NA,NA,NA,NA,NA
1945,12,1945-12-01,-0.378158268919922,-7.96417871001186,NA,NA,NA,NA,NA,NA
1946,1,1946-01-01,-1.19529891994434,-26.3751404793098,NA,NA,NA,NA,NA,NA
1946,2,1946-02-01,1.04066631614258,27.0725249973245,NA,NA,NA,NA,NA,NA
1946,3,1946-03-01,-2.73200581214258,-60.4873628170575,NA,NA,NA,NA,NA,NA
1946,4,1946-04-01,-0.994531402573242,-23.5467366860148,NA,NA,NA,NA,NA,NA
1946,5,1946-05-01,-0.101046206754883,-2.65479306125621,NA,NA,NA,NA,NA,NA
1946,6,1946-06-01,-2.11480106202148,-63.7384832342775,NA,NA,NA,NA,NA,NA
1946,7,1946-07-01,-1.26361373291699,-40.5323257126656,NA,NA,NA,NA,NA,NA
1946,8,1946-08-01,2.22258786050684,72.1395340653285,NA,NA,NA,NA,NA,NA
1946,9,1946-09-01,-2.79718408921875,-69.0874076268724,NA,NA,NA,NA,NA,NA
1946,10,1946-10-01,-1.74653875993652,-40.953870634028,NA,NA,NA,NA,NA,NA
1946,11,1946-11-01,-1.46022624373828,-27.9017877476824,NA,NA,NA,NA,NA,NA
1946,12,1946-12-01,1.08522527229101,22.8553193715225,NA,NA,NA,NA,NA,NA
1947,1,1947-01-01,-0.664571517209961,-14.664254131324,NA,NA,NA,NA,NA,NA
1947,2,1947-02-01,0.372528037041016,9.6911703958864,NA,NA,NA,NA,NA,NA
1947,3,1947-03-01,-0.591064387826171,-13.0863287024434,NA,NA,NA,NA,NA,NA
1947,4,1947-04-01,-2.36460319310059,-55.9848473469886,NA,NA,NA,NA,NA,NA
1947,5,1947-05-01,4.19540819256152,110.226211516955,NA,NA,NA,NA,NA,NA
1947,6,1947-06-01,0.773787788662109,23.3213709224189,NA,NA,NA,NA,NA,NA
1947,7,1947-07-01,1.06002956171191,34.0020548535649,NA,NA,NA,NA,NA,NA
1947,8,1947-08-01,-2.41166507259863,-78.2764981984643,NA,NA,NA,NA,NA,NA
1947,9,1947-09-01,-1.86606584527344,-46.08979874006,NA,NA,NA,NA,NA,NA
1947,10,1947-10-01,-4.15599656940918,-97.4522580107148,NA,NA,NA,NA,NA,NA
1947,11,1947-11-01,0.753957407628906,14.4065069701795,NA,NA,NA,NA,NA,NA
1947,12,1947-12-01,-2.16084716218164,-45.5083873051069,NA,NA,NA,NA,NA,NA
1948,1,1948-01-01,-0.379138292209961,-8.3659623139198,NA,NA,NA,NA,NA,NA
1948,2,1948-02-01,-2.05738376969727,-53.5220297517421,NA,NA,NA,NA,NA,NA
1948,3,1948-03-01,-1.31076058108789,-29.0206010844396,NA,NA,NA,NA,NA,NA
1948,4,1948-04-01,-1.34055767210449,-31.739328125576,NA,NA,NA,NA,NA,NA
1948,5,1948-05-01,4.04223389724902,106.201854053,NA,NA,NA,NA,NA,NA
1948,6,1948-06-01,-0.322269643759766,-9.7129600767572,NA,NA,NA,NA,NA,NA
1948,7,1948-07-01,-0.195507533600586,-6.27120046636863,NA,NA,NA,NA,NA,NA
1948,8,1948-08-01,-2.19278423343848,-71.1721843337962,NA,NA,NA,NA,NA,NA
1948,9,1948-09-01,-3.04205534595703,-75.1354615949997,NA,NA,NA,NA,NA,NA
1948,10,1948-10-01,-0.291421401831054,-6.83342085749638,NA,NA,NA,NA,NA,NA
1948,11,1948-11-01,1.90395649073437,36.3805198770378,NA,NA,NA,NA,NA,NA
1948,12,1948-12-01,-0.558860876341797,-11.7698547381557,NA,NA,NA,NA,NA,NA
1949,1,1949-01-01,0.0543172814228514,1.19855034090437,NA,NA,NA,NA,NA,NA
1949,2,1949-02-01,0.666227445146484,17.3316450074864,NA,NA,NA,NA,NA,NA
1949,3,1949-03-01,-2.15444952093164,-47.7001071024174,NA,NA,NA,NA,NA,NA
1949,4,1949-04-01,-1.27719641741699,-30.2391736041986,NA,NA,NA,NA,NA,NA
1949,5,1949-05-01,-0.479022235172852,-12.5853799659122,NA,NA,NA,NA,NA,NA
1949,6,1949-06-01,-0.695901120126953,-20.9739264247996,NA,NA,NA,NA,NA,NA
1949,7,1949-07-01,-2.03448336670605,-65.2591376052631,NA,NA,NA,NA,NA,NA
1949,8,1949-08-01,-2.40616709964941,-78.0980480170753,NA,NA,NA,NA,NA,NA
1949,9,1949-09-01,0.223663691152344,5.52425014196643,NA,NA,NA,NA,NA,NA
1949,10,1949-10-01,-1.36033499577637,-31.8979370592332,NA,NA,NA,NA,NA,NA
1949,11,1949-11-01,0.0897792069453125,1.71548784791759,NA,NA,NA,NA,NA,NA
1949,12,1949-12-01,-1.9325082716543,-40.69947029848,NA,NA,NA,NA,NA,NA
1950,1,1950-01-01,1.20470083816113,26.5826006464742,NA,NA,NA,NA,NA,NA
1950,2,1950-02-01,-0.750288760224609,-19.5184670641434,NA,NA,NA,NA,NA,NA
1950,3,1950-03-01,-1.82610903850977,-40.4305581872912,NA,NA,NA,NA,NA,NA
1950,4,1950-04-01,-0.737433884311523,-17.4596412464209,NA,NA,NA,NA,NA,NA
1950,5,1950-05-01,-2.90343606896191,-76.2821502877304,NA,NA,NA,NA,NA,NA
1950,6,1950-06-01,-0.0931233586035156,-2.80666665894151,NA,NA,NA,NA,NA,NA
1950,7,1950-07-01,-0.157713775495117,-5.05890839203331,NA,NA,NA,NA,NA,NA
1950,8,1950-08-01,0.557624793612305,18.0990787852559,NA,NA,NA,NA,NA,NA
1950,9,1950-09-01,-2.03773332232422,-50.3297988919973,NA,NA,NA,NA,NA,NA
1950,10,1950-10-01,-2.54889678425293,-59.7680346730916,NA,NA,NA,NA,NA,NA
1950,11,1950-11-01,4.96813444952344,94.9303804852017,NA,NA,NA,NA,NA,NA
1950,12,1950-12-01,1.89704134797461,39.9525213575348,NA,NA,NA,NA,NA,NA
1951,1,1951-01-01,-0.285057594260742,-6.29000325179856,NA,NA,NA,NA,NA,NA
1951,2,1951-02-01,0.957581564091797,24.9111078438139,NA,NA,NA,NA,NA,NA
1951,3,1951-03-01,-1.72414663108789,-38.1730823415166,NA,NA,NA,NA,NA,NA
1951,4,1951-04-01,1.02122540689941,24.1787496011801,NA,NA,NA,NA,NA,NA
1951,5,1951-05-01,1.7776841999834,46.7052037952196,NA,NA,NA,NA,NA,NA
1951,6,1951-06-01,-1.03093144375977,-31.0714836131966,NA,NA,NA,NA,NA,NA
1951,7,1951-07-01,2.83168406171191,90.8305581957542,NA,NA,NA,NA,NA,NA
1951,8,1951-08-01,1.04898209634668,34.0472838072933,NA,NA,NA,NA,NA,NA
1951,9,1951-09-01,-0.860974874375,-21.2651438751227,NA,NA,NA,NA,NA,NA
1951,10,1951-10-01,0.881030941430664,20.6589329865423,NA,NA,NA,NA,NA,NA
1951,11,1951-11-01,4.69646538057813,89.7393679747587,NA,NA,NA,NA,NA,NA
1951,12,1951-12-01,0.812787256080077,17.1176554703678,NA,NA,NA,NA,NA,NA
1952,1,1952-01-01,3.65037606384473,80.5482042020907,NA,NA,NA,NA,NA,NA
1952,2,1952-02-01,1.13082538303711,29.4179776696903,NA,NA,NA,NA,NA,NA
1952,3,1952-03-01,-2.71155181487695,-60.034505671525,NA,NA,NA,NA,NA,NA
1952,4,1952-04-01,-0.885456232944336,-20.9642498066776,NA,NA,NA,NA,NA,NA
1952,5,1952-05-01,0.879630688459961,23.1105899289848,NA,NA,NA,NA,NA,NA
1952,6,1952-06-01,0.937573556240234,28.2577484324684,NA,NA,NA,NA,NA,NA
1952,7,1952-07-01,-2.92107956397168,-93.6980544253779,NA,NA,NA,NA,NA,NA
1952,8,1952-08-01,2.13519700376856,69.3030497136,NA,NA,NA,NA,NA,NA
1952,9,1952-09-01,-0.343242680429687,-8.4777212444424,NA,NA,NA,NA,NA,NA
1952,10,1952-10-01,-1.89694484509277,-44.4806812009367,NA,NA,NA,NA,NA,NA
1952,11,1952-11-01,-1.33657952342578,-25.539164448279,NA,NA,NA,NA,NA,NA
1952,12,1952-12-01,0.697022245240234,14.6795936574441,NA,NA,NA,NA,NA,NA
1953,1,1953-01-01,0.633065440895508,13.9690496306922,NA,NA,NA,NA,NA,NA
1953,2,1953-02-01,1.46112668098633,38.0106360527582,NA,NA,NA,NA,NA,NA
1953,3,1953-03-01,6.01365436080664,133.143967542741,NA,NA,NA,NA,NA,NA
1953,4,1953-04-01,0.882276636000976,20.8889689942274,NA,NA,NA,NA,NA,NA
1953,5,1953-05-01,-0.28766970812207,-7.55796352562402,NA,NA,NA,NA,NA,NA
1953,6,1953-06-01,-1.56596495118164,-47.1969834793582,NA,NA,NA,NA,NA,NA
1953,7,1953-07-01,0.104881715715821,3.36423999831291,NA,NA,NA,NA,NA,NA
1953,8,1953-08-01,0.268269937557617,8.70735805005616,NA,NA,NA,NA,NA,NA
1953,9,1953-09-01,0.744548568886719,18.3895406365793,NA,NA,NA,NA,NA,NA
1953,10,1953-10-01,1.61056965969238,37.7655870016476,NA,NA,NA,NA,NA,NA
1953,11,1953-11-01,0.786253192785156,15.02361007077,NA,NA,NA,NA,NA,NA
1953,12,1953-12-01,1.45412772297461,30.6245664970631,NA,NA,NA,NA,NA,NA
1954,1,1954-01-01,0.197226130739257,4.35193809484985,NA,NA,NA,NA,NA,NA
1954,2,1954-02-01,2.14026090598633,55.6780458628515,NA,NA,NA,NA,NA,NA
1954,3,1954-03-01,-0.56703478577539,-12.5543066799664,NA,NA,NA,NA,NA,NA
1954,4,1954-04-01,1.08777779273926,25.754458021389,NA,NA,NA,NA,NA,NA
1954,5,1954-05-01,3.17847543377246,83.5082760446586,NA,NA,NA,NA,NA,NA
1954,6,1954-06-01,-0.575022609970703,-17.3307407694955,NA,NA,NA,NA,NA,NA
1954,7,1954-07-01,-0.678944679499023,-21.7781796552725,NA,NA,NA,NA,NA,NA
1954,8,1954-08-01,1.75053113413965,56.8177765332022,NA,NA,NA,NA,NA,NA
1954,9,1954-09-01,3.12051872494141,77.0734217988236,NA,NA,NA,NA,NA,NA
1954,10,1954-10-01,-0.123714003198242,-2.90091889102002,NA,NA,NA,NA,NA,NA
1954,11,1954-11-01,-1.07832858426563,-20.6045435832003,NA,NA,NA,NA,NA,NA
1954,12,1954-12-01,0.515935164185547,10.8658204462617,NA,NA,NA,NA,NA,NA
1955,1,1955-01-01,-3.08740900910449,-68.1259264720242,NA,NA,NA,NA,NA,NA
1955,2,1955-02-01,1.79458066272461,46.6853102648811,NA,NA,NA,NA,NA,NA
1955,3,1955-03-01,2.15065553512305,47.6161072093325,NA,NA,NA,NA,NA,NA
1955,4,1955-04-01,-1.66067041878418,-39.3183854951079,NA,NA,NA,NA,NA,NA
1955,5,1955-05-01,-2.43372463175488,-63.9413934761973,NA,NA,NA,NA,NA,NA
1955,6,1955-06-01,-0.340378351865235,-10.2587426606148,NA,NA,NA,NA,NA,NA
1955,7,1955-07-01,-2.03367597207715,-65.2332391987921,NA,NA,NA,NA,NA,NA
1955,8,1955-08-01,1.02929704634668,33.4083572837187,NA,NA,NA,NA,NA,NA
1955,9,1955-09-01,-0.560970098691406,-13.8553518962724,NA,NA,NA,NA,NA,NA
1955,10,1955-10-01,-1.75795762683105,-41.2216269577427,NA,NA,NA,NA,NA,NA
1955,11,1955-11-01,1.61302529278516,30.8214494458855,NA,NA,NA,NA,NA,NA
1955,12,1955-12-01,-3.78997728649805,-79.8185809945835,NA,NA,NA,NA,NA,NA
1956,1,1956-01-01,3.2944688219502,72.6948519184551,NA,NA,NA,NA,NA,NA
1956,2,1956-02-01,0.0135065587207035,0.351367813988109,NA,NA,NA,NA,NA,NA
1956,3,1956-03-01,1.47467399391211,32.6496892906265,NA,NA,NA,NA,NA,NA
1956,4,1956-04-01,0.0696531656884769,1.64912314238679,NA,NA,NA,NA,NA,NA
1956,5,1956-05-01,0.567053624983398,14.8982339596172,NA,NA,NA,NA,NA,NA
1956,6,1956-06-01,-1.02816323360352,-30.9880518806324,NA,NA,NA,NA,NA,NA
1956,7,1956-07-01,0.634032776555664,20.3375622964586,NA,NA,NA,NA,NA,NA
1956,8,1956-08-01,-0.758889819864258,-24.6316282855268,NA,NA,NA,NA,NA,NA
1956,9,1956-09-01,0.746509384414063,18.437970649513,NA,NA,NA,NA,NA,NA
1956,10,1956-10-01,-0.0382839619873048,-0.897704913599003,NA,NA,NA,NA,NA,NA
1956,11,1956-11-01,-0.701967345105468,-13.4130885216766,NA,NA,NA,NA,NA,NA
1956,12,1956-12-01,0.388366812818359,8.17917511405286,NA,NA,NA,NA,NA,NA
1957,1,1957-01-01,-1.38307584220996,-30.5185749130655,NA,NA,NA,NA,NA,NA
1957,2,1957-02-01,-1.55660686295898,-40.4945154414802,NA,NA,NA,NA,NA,NA
1957,3,1957-03-01,-1.10091487229883,-24.3745591665522,NA,NA,NA,NA,NA,NA
1957,4,1957-04-01,-0.337427516733398,-7.9890055422881,NA,NA,NA,NA,NA,NA
1957,5,1957-05-01,-0.78256416827832,-20.56035541218,NA,NA,NA,NA,NA,NA
1957,6,1957-06-01,-1.66123751739258,-50.0684256084433,NA,NA,NA,NA,NA,NA
1957,7,1957-07-01,-0.52503988428418,-16.84145007891,NA,NA,NA,NA,NA,NA
1957,8,1957-08-01,-0.416400707754883,-13.5153050980222,NA,NA,NA,NA,NA,NA
1957,9,1957-09-01,-2.60467814126953,-64.3327198865028,NA,NA,NA,NA,NA,NA
1957,10,1957-10-01,-2.60518372409668,-61.0878840263519,NA,NA,NA,NA,NA,NA
1957,11,1957-11-01,0.722469017101562,13.8048314471038,NA,NA,NA,NA,NA,NA
1957,12,1957-12-01,1.32225326691992,27.8472327148219,NA,NA,NA,NA,NA,NA
1958,1,1958-01-01,5.98067075232129,131.967852242617,NA,NA,NA,NA,NA,NA
1958,2,1958-02-01,-0.114446266279297,-2.9772746140005,NA,NA,NA,NA,NA,NA
1958,3,1958-03-01,-0.560729418197266,-12.4147041012684,NA,NA,NA,NA,NA,NA
1958,4,1958-04-01,2.89641865621582,68.5762231880377,NA,NA,NA,NA,NA,NA
1958,5,1958-05-01,0.77809120203418,20.4428369012973,NA,NA,NA,NA,NA,NA
1958,6,1958-06-01,-0.094699700498047,-2.85417639554058,NA,NA,NA,NA,NA,NA
1958,7,1958-07-01,3.53757765155566,113.473164996158,NA,NA,NA,NA,NA,NA
1958,8,1958-08-01,0.885580802401367,28.7436945002777,NA,NA,NA,NA,NA,NA
1958,9,1958-09-01,-0.909380104746093,-22.4607004689165,NA,NA,NA,NA,NA,NA
1958,10,1958-10-01,1.80149926574707,42.2426169799881,NA,NA,NA,NA,NA,NA
1958,11,1958-11-01,1.83782702589062,35.116927813924,NA,NA,NA,NA,NA,NA
1958,12,1958-12-01,-1.71358898513086,-36.0889342762989,NA,NA,NA,NA,NA,NA
1959,1,1959-01-01,0.369662555055664,8.15687327818198,NA,NA,NA,NA,NA,NA
1959,2,1959-02-01,0.243421791142579,6.33252217678013,NA,NA,NA,NA,NA,NA
1959,3,1959-03-01,1.09831275475195,24.3169475657822,NA,NA,NA,NA,NA,NA
1959,4,1959-04-01,-1.63271918567871,-38.6566061643789,NA,NA,NA,NA,NA,NA
1959,5,1959-05-01,-2.45813870743848,-64.5828259535096,NA,NA,NA,NA,NA,NA
1959,6,1959-06-01,3.31908013260742,100.034531467089,NA,NA,NA,NA,NA,NA
1959,7,1959-07-01,0.440334960344727,14.1244112583086,NA,NA,NA,NA,NA,NA
1959,8,1959-08-01,-0.00416807865332025,-0.135285203946717,NA,NA,NA,NA,NA,NA
1959,9,1959-09-01,-0.7176431040625,-17.7250048904817,NA,NA,NA,NA,NA,NA
1959,10,1959-10-01,3.6526629130127,85.6497936608465,NA,NA,NA,NA,NA,NA
1959,11,1959-11-01,3.60121534278516,68.8114917527109,NA,NA,NA,NA,NA,NA
1959,12,1959-12-01,1.65413090676367,34.8367211137448,NA,NA,NA,NA,NA,NA
1960,1,1960-01-01,0.307070247633789,6.7757284669301,NA,NA,NA,NA,NA,NA
1960,2,1960-02-01,5.75442839651367,149.699191944045,NA,NA,NA,NA,NA,NA
1960,3,1960-03-01,-1.17058149456445,-25.9169974141176,NA,NA,NA,NA,NA,NA
1960,4,1960-04-01,-0.107127810678711,-2.53638079529126,NA,NA,NA,NA,NA,NA
1960,5,1960-05-01,3.2887040242998,86.4043184264762,NA,NA,NA,NA,NA,NA
1960,6,1960-06-01,-1.13996816602539,-34.357766856976,NA,NA,NA,NA,NA,NA
1960,7,1960-07-01,-0.572676167389648,-18.3694560607019,NA,NA,NA,NA,NA,NA
1960,8,1960-08-01,-2.2132382307041,-71.8360689246979,NA,NA,NA,NA,NA,NA
1960,9,1960-09-01,-0.790885331113281,-19.5340083147685,NA,NA,NA,NA,NA,NA
1960,10,1960-10-01,0.407013399536133,9.54389017483046,NA,NA,NA,NA,NA,NA
1960,11,1960-11-01,-0.264551693054687,-5.05501474141764,NA,NA,NA,NA,NA,NA
1960,12,1960-12-01,2.17105570608008,45.7233837091479,NA,NA,NA,NA,NA,NA
1961,1,1961-01-01,-1.94452268820605,-42.9073081309471,NA,NA,NA,NA,NA,NA
1961,2,1961-02-01,0.0193890053027346,0.504397348688302,NA,NA,NA,NA,NA,NA
1961,3,1961-03-01,-1.25247437835352,-27.7301284667193,NA,NA,NA,NA,NA,NA
1961,4,1961-04-01,0.595267069106446,14.0936695390803,NA,NA,NA,NA,NA,NA
1961,5,1961-05-01,4.31824751824512,113.453576501227,NA,NA,NA,NA,NA,NA
1961,6,1961-06-01,-0.0769754660253907,-2.31998155231691,NA,NA,NA,NA,NA,NA
1961,7,1961-07-01,-0.164788090338867,-5.28582776301774,NA,NA,NA,NA,NA,NA
1961,8,1961-08-01,-1.79512315502051,-58.2651198155699,NA,NA,NA,NA,NA,NA
1961,9,1961-09-01,-0.442475325058593,-10.9286597421244,NA,NA,NA,NA,NA,NA
1961,10,1961-10-01,0.884183625219727,20.732858974908,NA,NA,NA,NA,NA,NA
1961,11,1961-11-01,3.16537603262891,60.4835384809331,NA,NA,NA,NA,NA,NA
1961,12,1961-12-01,1.32813571350195,27.9711196153125,NA,NA,NA,NA,NA,NA
1962,1,1962-01-01,-0.285864988889649,-6.30781900182086,NA,NA,NA,NA,NA,NA
1962,2,1962-02-01,-1.22272996022461,-31.8088391059474,NA,NA,NA,NA,NA,NA
1962,3,1962-03-01,-2.9694182804043,-65.7437403991306,NA,NA,NA,NA,NA,NA
1962,4,1962-04-01,2.29171852652832,54.2592145034357,NA,NA,NA,NA,NA,NA
1962,5,1962-05-01,-1.6278294500166,-42.7680609455806,NA,NA,NA,NA,NA,NA
1962,6,1962-06-01,-0.817933051181641,-24.6518753020055,NA,NA,NA,NA,NA,NA
1962,7,1962-07-01,-0.576982272077148,-18.5075808952142,NA,NA,NA,NA,NA,NA
1962,8,1962-08-01,0.295798249666992,9.60085686036747,NA,NA,NA,NA,NA,NA
1962,9,1962-09-01,1.67170673441406,41.2893398894277,NA,NA,NA,NA,NA,NA
1962,10,1962-10-01,0.326312384008789,7.65156517995794,NA,NA,NA,NA,NA,NA
1962,11,1962-11-01,4.17088992452344,79.6967496591974,NA,NA,NA,NA,NA,NA
1962,12,1962-12-01,2.28720519055273,48.1695427051101,NA,NA,NA,NA,NA,NA
1963,1,1963-01-01,0.627144546950195,13.8384007971954,NA,NA,NA,NA,NA,NA
1963,2,1963-02-01,1.84064060393555,47.883541523514,NA,NA,NA,NA,NA,NA
1963,3,1963-03-01,0.224288845279297,4.96581694662942,NA,NA,NA,NA,NA,NA
1963,4,1963-04-01,-2.12326909378418,-50.2709699618635,NA,NA,NA,NA,NA,NA
1963,5,1963-05-01,1.21073938103809,31.8098285031784,NA,NA,NA,NA,NA,NA
1963,6,1963-06-01,-2.35613516133789,-71.0121080301884,NA,NA,NA,NA,NA,NA
1963,7,1963-07-01,-0.63053944912793,-20.2255085244605,NA,NA,NA,NA,NA,NA
1963,8,1963-08-01,0.521407377401367,16.923553814148,NA,NA,NA,NA,NA,NA
1963,9,1963-09-01,0.894954654042969,22.1044075110202,NA,NA,NA,NA,NA,NA
1963,10,1963-10-01,0.0853627583251955,2.00163628864493,NA,NA,NA,NA,NA,NA
1963,11,1963-11-01,4.50003780157422,85.9860587593818,NA,NA,NA,NA,NA,NA
1963,12,1963-12-01,-2.57423321218164,-54.2144785082139,NA,NA,NA,NA,NA,NA
1964,1,1964-01-01,1.04406775437207,23.038114761087,NA,NA,NA,NA,NA,NA
1964,2,1964-02-01,-0.335326368330078,-8.72338361303731,NA,NA,NA,NA,NA,NA
1964,3,1964-03-01,-0.673341745248047,-14.9079721074048,NA,NA,NA,NA,NA,NA
1964,4,1964-04-01,-0.227967873471679,-5.39741578357358,NA,NA,NA,NA,NA,NA
1964,5,1964-05-01,-2.01484060880566,-52.9360283733363,NA,NA,NA,NA,NA,NA
1964,6,1964-06-01,-1.82306246944336,-54.9457056412598,NA,NA,NA,NA,NA,NA
1964,7,1964-07-01,-1.69587743828809,-54.3978392342852,NA,NA,NA,NA,NA,NA
1964,8,1964-08-01,0.769046844295898,24.9612993968509,NA,NA,NA,NA,NA,NA
1964,9,1964-09-01,-1.786172224375,-44.1165131150374,NA,NA,NA,NA,NA,NA
1964,10,1964-10-01,-0.652442143041992,-15.2988480618093,NA,NA,NA,NA,NA,NA
1964,11,1964-11-01,-1.83343479910938,-35.0330017922437,NA,NA,NA,NA,NA,NA
1964,12,1964-12-01,1.92972160676367,40.6407819158162,NA,NA,NA,NA,NA,NA
1965,1,1965-01-01,-2.59962731115527,-57.3626683514145,NA,NA,NA,NA,NA,NA
1965,2,1965-02-01,0.61505400461914,16.0003880748984,NA,NA,NA,NA,NA,NA
1965,3,1965-03-01,-3.7816188297207,-83.7260847588544,NA,NA,NA,NA,NA,NA
1965,4,1965-04-01,-0.594102113999023,-14.0660878145671,NA,NA,NA,NA,NA,NA
1965,5,1965-05-01,-2.28766309864941,-60.1039100410648,NA,NA,NA,NA,NA,NA
1965,6,1965-06-01,-2.75179697686523,-82.9370519165544,NA,NA,NA,NA,NA,NA
1965,7,1965-07-01,-1.57976640117871,-50.6734017322581,NA,NA,NA,NA,NA,NA
1965,8,1965-08-01,-1.18369473675879,-38.4197125804008,NA,NA,NA,NA,NA,NA
1965,9,1965-09-01,-1.88025292232422,-46.4402041277565,NA,NA,NA,NA,NA,NA
1965,10,1965-10-01,0.403053321118164,9.45103192115162,NA,NA,NA,NA,NA,NA
1965,11,1965-11-01,3.39490679141797,64.8693783744152,NA,NA,NA,NA,NA,NA
1965,12,1965-12-01,-1.33053790475977,-28.0217108149378,NA,NA,NA,NA,NA,NA
1966,1,1966-01-01,-0.149223059788087,-3.2927154028103,NA,NA,NA,NA,NA,NA
1966,2,1966-02-01,0.293787837041016,7.64277505558574,NA,NA,NA,NA,NA,NA
1966,3,1966-03-01,-0.331621580404296,-7.34219333016332,NA,NA,NA,NA,NA,NA
1966,4,1966-04-01,-3.4082953167334,-80.6955237045806,NA,NA,NA,NA,NA,NA
1966,5,1966-05-01,-0.215234875700196,-5.65487882128348,NA,NA,NA,NA,NA,NA
1966,6,1966-06-01,-0.749035376181641,-22.5753521804072,NA,NA,NA,NA,NA,NA
1966,7,1966-07-01,-1.19629239981152,-38.3728919159604,NA,NA,NA,NA,NA,NA
1966,8,1966-08-01,-0.611674865860352,-19.8534062957474,NA,NA,NA,NA,NA,NA
1966,9,1966-09-01,0.641009819570312,15.8322460320626,NA,NA,NA,NA,NA,NA
1966,10,1966-10-01,-0.170927365307617,-4.00800564361813,NA,NA,NA,NA,NA,NA
1966,11,1966-11-01,0.603935796105469,11.5399161386272,NA,NA,NA,NA,NA,NA
1966,12,1966-12-01,-1.4895946466543,-31.3715154380082,NA,NA,NA,NA,NA,NA
1967,1,1967-01-01,-1.49057466994434,-32.8906147731762,NA,NA,NA,NA,NA,NA
1967,2,1967-02-01,0.597329770146485,15.5392990847234,NA,NA,NA,NA,NA,NA
1967,3,1967-03-01,-2.51627765677148,-55.7110819080676,NA,NA,NA,NA,NA,NA
1967,4,1967-04-01,-1.91027070120605,-45.2279747868447,NA,NA,NA,NA,NA,NA
1967,5,1967-05-01,1.65876650535449,43.580872059272,NA,NA,NA,NA,NA,NA
1967,6,1967-06-01,-0.894327962021484,-26.9543593659652,NA,NA,NA,NA,NA,NA
1967,7,1967-07-01,0.361210286711914,11.5863674241457,NA,NA,NA,NA,NA,NA
1967,8,1967-08-01,0.250930176717774,8.14455363182933,NA,NA,NA,NA,NA,NA
1967,9,1967-09-01,0.954778751308594,23.5819977095453,NA,NA,NA,NA,NA,NA
1967,10,1967-10-01,-1.56268346872559,-36.6427233612885,NA,NA,NA,NA,NA,NA
1967,11,1967-11-01,0.172863958996094,3.30305903884135,NA,NA,NA,NA,NA,NA
1967,12,1967-12-01,4.93995791486914,104.037676516566,NA,NA,NA,NA,NA,NA
1968,1,1968-01-01,-1.04293201926074,-23.013053939389,NA,NA,NA,NA,NA,NA
1968,2,1968-02-01,-1.6211599859082,-42.1738395510334,NA,NA,NA,NA,NA,NA
1968,3,1968-03-01,-0.428854962142577,-9.4949672419144,NA,NA,NA,NA,NA,NA
1968,4,1968-04-01,-1.41891339847168,-33.5944949426678,NA,NA,NA,NA,NA,NA
1968,5,1968-05-01,-0.067981474333008,-1.78608135969948,NA,NA,NA,NA,NA,NA
1968,6,1968-06-01,1.15687731639648,34.8673956900557,NA,NA,NA,NA,NA,NA
1968,7,1968-07-01,-2.87855678018262,-92.3340716845692,NA,NA,NA,NA,NA,NA
1968,8,1968-08-01,-1.64394812259863,-53.3583637790557,NA,NA,NA,NA,NA,NA
1968,9,1968-09-01,-2.35465493785156,-58.1574184334125,NA,NA,NA,NA,NA,NA
1968,10,1968-10-01,-0.224869015991211,-5.27286127382592,NA,NA,NA,NA,NA,NA
1968,11,1968-11-01,3.29294438399609,62.9210957282654,NA,NA,NA,NA,NA,NA
1968,12,1968-12-01,2.94073347160742,61.9331344341292,NA,NA,NA,NA,NA,NA
1969,1,1969-01-01,-0.113813038206055,-2.51136750897553,NA,NA,NA,NA,NA,NA
1969,2,1969-02-01,0.720976490458985,18.7559198925393,NA,NA,NA,NA,NA,NA
1969,3,1969-03-01,-1.14420660335352,-25.3330500422468,NA,NA,NA,NA,NA,NA
1969,4,1969-04-01,0.146817023793946,3.47607103340895,NA,NA,NA,NA,NA,NA
1969,5,1969-05-01,-0.367986250016602,-9.66812485649843,NA,NA,NA,NA,NA,NA
1969,6,1969-06-01,-1.99549889375977,-60.1428073155724,NA,NA,NA,NA,NA,NA
1969,7,1969-07-01,1.74427728602832,55.9503377090541,NA,NA,NA,NA,NA,NA
1969,8,1969-08-01,0.000138026034179894,0.00447997308522691,NA,NA,NA,NA,NA,NA
1969,9,1969-09-01,0.966197618203125,23.8640313142766,NA,NA,NA,NA,NA,NA
1969,10,1969-10-01,-1.84573295720215,-43.2798346582163,NA,NA,NA,NA,NA,NA
1969,11,1969-11-01,3.63466454883984,69.450634249751,NA,NA,NA,NA,NA,NA
1969,12,1969-12-01,6.28719197160742,132.411015602138,NA,NA,NA,NA,NA,NA
1970,1,1970-01-01,-3.79018836252246,-83.6332643128554,NA,NA,NA,NA,NA,NA
1970,2,1970-02-01,4.02883383772461,104.808528045913,NA,NA,NA,NA,NA,NA
1970,3,1970-03-01,-1.85129206145898,-40.9881172668471,NA,NA,NA,NA,NA,NA
1970,4,1970-04-01,1.57517501705566,37.2941782079799,NA,NA,NA,NA,NA,NA
1970,5,1970-05-01,-0.138839964860352,-3.64775073873324,NA,NA,NA,NA,NA,NA
1970,6,1970-06-01,-0.456104915341797,-13.7466525914244,NA,NA,NA,NA,NA,NA
1970,7,1970-07-01,-1.77384869102246,-56.8988853449181,NA,NA,NA,NA,NA,NA
1970,8,1970-08-01,1.62377017740137,52.7034391343244,NA,NA,NA,NA,NA,NA
1970,9,1970-09-01,-2.33300907232422,-57.6227890749488,NA,NA,NA,NA,NA,NA
1970,10,1970-10-01,0.606632109692383,14.2246673893984,NA,NA,NA,NA,NA,NA
1970,11,1970-11-01,-1.953544362,-37.3280376092015,NA,NA,NA,NA,NA,NA
1970,12,1970-12-01,0.0671006452402336,1.41316896699538,NA,NA,NA,NA,NA,NA
1971,1,1971-01-01,-0.570875292893555,-12.5967787596895,NA,NA,NA,NA,NA,NA
1971,2,1971-02-01,3.39183792288086,88.2373298046523,NA,NA,NA,NA,NA,NA
1971,3,1971-03-01,-0.531201843197265,-11.7609554400486,NA,NA,NA,NA,NA,NA
1971,4,1971-04-01,-2.21500450257324,-52.4429169812849,NA,NA,NA,NA,NA,NA
1971,5,1971-05-01,0.217836224299805,5.72322420933851,NA,NA,NA,NA,NA,NA
1971,6,1971-06-01,-1.7462830849707,-52.6316338366662,NA,NA,NA,NA,NA,NA
1971,7,1971-07-01,0.292312611711914,9.37637007194948,NA,NA,NA,NA,NA,NA
1971,8,1971-08-01,0.0714194375576174,2.31809281431036,NA,NA,NA,NA,NA,NA
1971,9,1971-09-01,-1.44364466490234,-35.6564545811943,NA,NA,NA,NA,NA,NA
1971,10,1971-10-01,-0.405994544409179,-9.51999945907813,NA,NA,NA,NA,NA,NA
1971,11,1971-11-01,0.403971059679687,7.71901944080468,NA,NA,NA,NA,NA,NA
1971,12,1971-12-01,-1.61989276081445,-34.1156507697911,NA,NA,NA,NA,NA,NA
1972,1,1972-01-01,-1.38938120978809,-30.6577074370491,NA,NA,NA,NA,NA,NA
1972,2,1972-02-01,0.620590424931641,16.1444158722634,NA,NA,NA,NA,NA,NA
1972,3,1972-03-01,4.75577197633398,105.294104327731,NA,NA,NA,NA,NA,NA
1972,4,1972-04-01,-1.00791108499512,-23.8635168883445,NA,NA,NA,NA,NA,NA
1972,5,1972-05-01,0.638719510139648,16.7811160662471,NA,NA,NA,NA,NA,NA
1972,6,1972-06-01,1.40490125692383,42.3426471729969,NA,NA,NA,NA,NA,NA
1972,7,1972-07-01,-0.634461080182617,-20.3513007844627,NA,NA,NA,NA,NA,NA
1972,8,1972-08-01,-1.64394812259863,-53.3583637790557,NA,NA,NA,NA,NA,NA
1972,9,1972-09-01,2.60124863646484,64.2480148442738,NA,NA,NA,NA,NA,NA
1972,10,1972-10-01,0.077865522485352,1.82583668216559,NA,NA,NA,NA,NA,NA
1972,11,1972-11-01,1.74882137989453,33.4162210545587,NA,NA,NA,NA,NA,NA
1972,12,1972-12-01,1.23836112024023,26.0804273757985,NA,NA,NA,NA,NA,NA
1973,1,1973-01-01,-0.0393789428935554,-0.868925030730063,NA,NA,NA,NA,NA,NA
1973,2,1973-02-01,0.73593251477539,19.1449949840319,NA,NA,NA,NA,NA,NA
1973,3,1973-03-01,-0.307976451986328,-6.81868366004592,NA,NA,NA,NA,NA,NA
1973,4,1973-04-01,4.08778710221191,96.783315514447,NA,NA,NA,NA,NA,NA
1973,5,1973-05-01,2.50326283982715,65.768374994962,NA,NA,NA,NA,NA,NA
1973,6,1973-06-01,0.42103323055664,12.6896188907983,NA,NA,NA,NA,NA,NA
1973,7,1973-07-01,1.15803189071582,37.1456280961699,NA,NA,NA,NA,NA,NA
1973,8,1973-08-01,0.643862229452148,20.8981260359938,NA,NA,NA,NA,NA,NA
1973,9,1973-09-01,-0.0318190378515624,-0.78589566086076,NA,NA,NA,NA,NA,NA
1973,10,1973-10-01,0.311356359692383,7.30086750344276,NA,NA,NA,NA,NA,NA
1973,11,1973-11-01,-1.68818066063281,-32.2575071326833,NA,NA,NA,NA,NA,NA
1973,12,1973-12-01,3.74036173313086,78.7736557178177,NA,NA,NA,NA,NA,NA
1974,1,1974-01-01,-1.55512779289355,-34.3150264059108,NA,NA,NA,NA,NA,NA
1974,2,1974-02-01,1.02213468704102,26.590431953367,NA,NA,NA,NA,NA,NA
1974,3,1974-03-01,-0.716249002669922,-15.8579506307398,NA,NA,NA,NA,NA,NA
1974,4,1974-04-01,0.326366210317383,7.72711570260348,NA,NA,NA,NA,NA,NA
1974,5,1974-05-01,0.451711535139649,11.867844303024,NA,NA,NA,NA,NA,NA
1974,6,1974-06-01,-0.127764432919922,-3.85072209005761,NA,NA,NA,NA,NA,NA
1974,7,1974-07-01,-0.378978351178711,-12.156305022552,NA,NA,NA,NA,NA,NA
1974,8,1974-08-01,-0.844358308438477,-27.4057174689375,NA,NA,NA,NA,NA,NA
1974,9,1974-09-01,3.58469374183594,88.5380403507473,NA,NA,NA,NA,NA,NA
1974,10,1974-10-01,-2.96109096599121,-69.4334068836815,NA,NA,NA,NA,NA,NA
1974,11,1974-11-01,-0.431490144421875,-8.24485005423162,NA,NA,NA,NA,NA,NA
1974,12,1974-12-01,-1.95926763649805,-41.2630342379668,NA,NA,NA,NA,NA,NA
1975,1,1975-01-01,0.725185323317382,16.0017418713307,NA,NA,NA,NA,NA,NA
1975,2,1975-02-01,-1.92862355006836,-50.1723832699711,NA,NA,NA,NA,NA,NA
1975,3,1975-03-01,0.0703456027011722,1.55747106183254,NA,NA,NA,NA,NA,NA
1975,4,1975-04-01,-0.662999788999023,-15.6973237989775,NA,NA,NA,NA,NA,NA
1975,5,1975-05-01,-1.28964644259473,-33.8829584724493,NA,NA,NA,NA,NA,NA
1975,6,1975-06-01,2.58246709950195,77.8335791865638,NA,NA,NA,NA,NA,NA
1975,7,1975-07-01,-0.681328416022461,-21.8546416172346,NA,NA,NA,NA,NA,NA
1975,8,1975-08-01,-0.45692422865332,-14.830595246162,NA,NA,NA,NA,NA,NA
1975,9,1975-09-01,0.679572524941406,16.7847029530913,NA,NA,NA,NA,NA,NA
1975,10,1975-10-01,0.679835889379883,15.9411927777916,NA,NA,NA,NA,NA,NA
1975,11,1975-11-01,3.06971899278516,58.6557378687081,NA,NA,NA,NA,NA,NA
1975,12,1975-12-01,3.81318103918555,80.3072621853293,NA,NA,NA,NA,NA,NA
1976,1,1976-01-01,3.13306679089551,69.1333986520943,NA,NA,NA,NA,NA,NA
1976,2,1976-02-01,0.864269813408203,22.4836393423931,NA,NA,NA,NA,NA,NA
1976,3,1976-03-01,-2.29816576487695,-50.882024414448,NA,NA,NA,NA,NA,NA
1976,4,1976-04-01,0.70980176432129,16.805417305575,NA,NA,NA,NA,NA,NA
1976,5,1976-05-01,1.12257957703418,29.4936006756557,NA,NA,NA,NA,NA,NA
1976,6,1976-06-01,0.753718265029297,22.7164908613283,NA,NA,NA,NA,NA,NA
1976,7,1976-07-01,3.38955530292285,108.725123809799,NA,NA,NA,NA,NA,NA
1976,8,1976-08-01,-0.0671833070712888,-2.18059882140518,NA,NA,NA,NA,NA,NA
1976,9,1976-09-01,-1.89640081490234,-46.8390395283866,NA,NA,NA,NA,NA,NA
1976,10,1976-10-01,1.87943207111816,44.0700313509298,NA,NA,NA,NA,NA,NA
1976,11,1976-11-01,-2.89408220994922,-55.2996961208018,NA,NA,NA,NA,NA,NA
1976,12,1976-12-01,0.547039081080078,11.5208825540847,NA,NA,NA,NA,NA,NA
1977,1,1977-01-01,-0.649615492893555,-14.3342385713872,NA,NA,NA,NA,NA,NA
1977,2,1977-02-01,-0.0625038784863281,-1.62601382066739,NA,NA,NA,NA,NA,NA
1977,3,1977-03-01,2.38218555680273,52.7422458003033,NA,NA,NA,NA,NA,NA
1977,4,1977-04-01,-1.09764723089355,-25.9881289350041,NA,NA,NA,NA,NA,NA
1977,5,1977-05-01,-2.31799806827832,-60.9009025207488,NA,NA,NA,NA,NA,NA
1977,6,1977-06-01,2.7722432846582,83.5532879634662,NA,NA,NA,NA,NA,NA
1977,7,1977-07-01,1.78995275360645,57.4154475608449,NA,NA,NA,NA,NA,NA
1977,8,1977-08-01,-0.101824381387695,-3.30495975449248,NA,NA,NA,NA,NA,NA
1977,9,1977-09-01,4.46817570267578,110.359084805701,NA,NA,NA,NA,NA,NA
1977,10,1977-10-01,3.99165331506348,93.5986404830432,NA,NA,NA,NA,NA,NA
1977,11,1977-11-01,-0.981095202527344,-18.7466224624941,NA,NA,NA,NA,NA,NA
1977,12,1977-12-01,5.1053200243418,107.52027494147,NA,NA,NA,NA,NA,NA
1978,1,1978-01-01,3.40588928073926,75.1534254215313,NA,NA,NA,NA,NA,NA
1978,2,1978-02-01,-2.35146765143555,-61.1725062937147,NA,NA,NA,NA,NA,NA
1978,3,1978-03-01,-1.13555594661523,-25.1415221141551,NA,NA,NA,NA,NA,NA
1978,4,1978-04-01,-0.00512695589355427,-0.121386896496155,NA,NA,NA,NA,NA,NA
1978,5,1978-05-01,-0.668375499333008,-17.5602696521527,NA,NA,NA,NA,NA,NA
1978,6,1978-06-01,2.01748309608398,60.8053943250199,NA,NA,NA,NA,NA,NA
1978,7,1978-07-01,-1.88957525449902,-60.6109902724352,NA,NA,NA,NA,NA,NA
1978,8,1978-08-01,-2.17621341986426,-70.6343379828965,NA,NA,NA,NA,NA,NA
1978,9,1978-09-01,-2.612944324375,-64.5368856273016,NA,NA,NA,NA,NA,NA
1978,10,1978-10-01,1.88023946574707,44.088963616243,NA,NA,NA,NA,NA,NA
1978,11,1978-11-01,-3.11453939100391,-59.5121594288799,NA,NA,NA,NA,NA,NA
1978,12,1978-12-01,-0.934453168236328,-19.6799928485679,NA,NA,NA,NA,NA,NA
1979,1,1979-01-01,7.31729333679395,161.461402219995,NA,NA,NA,NA,NA,NA
1979,2,1979-02-01,-1.20935027780273,-31.4607719289823,NA,NA,NA,NA,NA,NA
1979,3,1979-03-01,1.24279794596289,27.5158895825321,NA,NA,NA,NA,NA,NA
1979,4,1979-04-01,1.30392886910645,30.8720968073016,NA,NA,NA,NA,NA,NA
1979,5,1979-05-01,5.44187171013965,142.974622405873,NA,NA,NA,NA,NA,NA
1979,6,1979-06-01,-2.24352283428711,-67.6180587985135,NA,NA,NA,NA,NA,NA
1979,7,1979-07-01,-0.301007098444336,-9.65525891191914,NA,NA,NA,NA,NA,NA
1979,8,1979-08-01,1.69228337876855,54.9272029331719,NA,NA,NA,NA,NA,NA
1979,9,1979-09-01,-1.45702434732422,-35.9869181988593,NA,NA,NA,NA,NA,NA
1979,10,1979-10-01,2.71489327521973,63.660418267833,NA,NA,NA,NA,NA,NA
1979,11,1979-11-01,0.484672075207031,9.26104254573249,NA,NA,NA,NA,NA,NA
1979,12,1979-12-01,-1.1647913216543,-24.5310152069956,NA,NA,NA,NA,NA,NA
1980,1,1980-01-01,-3.68111319289355,-81.2264413217488,NA,NA,NA,NA,NA,NA
1980,2,1980-02-01,-2.82744600885742,-73.5548960949463,NA,NA,NA,NA,NA,NA
1980,3,1980-03-01,2.45027583717383,54.2497834031942,NA,NA,NA,NA,NA,NA
1980,4,1980-04-01,1.21100159205566,28.6719308618106,NA,NA,NA,NA,NA,NA
1980,5,1980-05-01,-2.72665509259473,-71.6375730740586,NA,NA,NA,NA,NA,NA
1980,6,1980-06-01,-1.20336786807617,-36.2685852875092,NA,NA,NA,NA,NA,NA
1980,7,1980-07-01,0.528533211711914,16.9535038509081,NA,NA,NA,NA,NA,NA
1980,8,1980-08-01,-2.18567147123145,-70.9413222110202,NA,NA,NA,NA,NA,NA
1980,9,1980-09-01,0.615403875625001,15.1998070396348,NA,NA,NA,NA,NA,NA
1980,10,1980-10-01,1.17865198059082,27.6377265955505,NA,NA,NA,NA,NA,NA
1980,11,1980-11-01,1.06930268126172,20.4320779595163,NA,NA,NA,NA,NA,NA
1980,12,1980-12-01,-2.54547458444727,-53.6088092169263,NA,NA,NA,NA,NA,NA
1981,1,1981-01-01,-2.33583995168262,-51.5420083084174,NA,NA,NA,NA,NA,NA
1981,2,1981-02-01,-1.03256930143555,-26.8618843436783,NA,NA,NA,NA,NA,NA
1981,3,1981-03-01,-2.8611505054043,-63.346661974658,NA,NA,NA,NA,NA,NA
1981,4,1981-04-01,1.53384410152832,36.3156186749212,NA,NA,NA,NA,NA,NA
1981,5,1981-05-01,-0.91051699327832,-23.9220676712274,NA,NA,NA,NA,NA,NA
1981,6,1981-06-01,0.682859774501953,20.5808702624971,NA,NA,NA,NA,NA,NA
1981,7,1981-07-01,2.28165608261035,73.1875771017143,NA,NA,NA,NA,NA,NA
1981,8,1981-08-01,-0.257728439493164,-8.36520790506849,NA,NA,NA,NA,NA,NA
1981,9,1981-09-01,1.92957319994141,47.6583613942526,NA,NA,NA,NA,NA,NA
1981,10,1981-10-01,0.128270015747071,3.00775095957287,NA,NA,NA,NA,NA,NA
1981,11,1981-11-01,-1.06614077010547,-20.3716606273823,NA,NA,NA,NA,NA,NA
1981,12,1981-12-01,2.66318195608008,56.087777998561,NA,NA,NA,NA,NA,NA
1982,1,1982-01-01,2.16453926247754,47.7621339467833,NA,NA,NA,NA,NA,NA
1982,2,1982-02-01,-0.387307203486328,-10.0756445994077,NA,NA,NA,NA,NA,NA
1982,3,1982-03-01,-1.52964142024805,-33.8666832827785,NA,NA,NA,NA,NA,NA
1982,4,1982-04-01,1.72162102379395,40.7614649627897,NA,NA,NA,NA,NA,NA
1982,5,1982-05-01,-3.00382213448926,-78.9195994188521,NA,NA,NA,NA,NA,NA
1982,6,1982-06-01,1.80648396639648,54.4460422651252,NA,NA,NA,NA,NA,NA
1982,7,1982-07-01,0.566711443450195,18.1781284997534,NA,NA,NA,NA,NA,NA
1982,8,1982-08-01,1.12376221792871,36.4744558548569,NA,NA,NA,NA,NA,NA
1982,9,1982-09-01,-0.412947750058593,-10.1993607238293,NA,NA,NA,NA,NA,NA
1982,10,1982-10-01,-2.29537487077637,-53.8233033647594,NA,NA,NA,NA,NA,NA
1982,11,1982-11-01,-0.482663584949218,-9.22266461004814,NA,NA,NA,NA,NA,NA
1982,12,1982-12-01,-2.25531233376367,-47.4978651776919,NA,NA,NA,NA,NA,NA
1983,1,1983-01-01,-0.811824918577149,-17.9135075877704,NA,NA,NA,NA,NA,NA
1983,2,1983-02-01,-0.131401553486328,-3.41835974343047,NA,NA,NA,NA,NA,NA
1983,3,1983-03-01,1.60066600338477,35.4391871588781,NA,NA,NA,NA,NA,NA
1983,4,1983-04-01,5.28857515221191,125.2134283856,NA,NA,NA,NA,NA,NA
1983,5,1983-05-01,3.14737151687793,82.691080967264,NA,NA,NA,NA,NA,NA
1983,6,1983-06-01,-1.87108322618164,-56.3930144464363,NA,NA,NA,NA,NA,NA
1983,7,1983-07-01,0.591125519133789,18.9612469811399,NA,NA,NA,NA,NA,NA
1983,8,1983-08-01,0.958015634823242,31.0947444424936,NA,NA,NA,NA,NA,NA
1983,9,1983-09-01,-0.953094756796875,-23.5404048749081,NA,NA,NA,NA,NA,NA
1983,10,1983-10-01,-0.64809759099121,-15.1969744436957,NA,NA,NA,NA,NA,NA
1983,11,1983-11-01,6.86262827520703,131.130089153767,NA,NA,NA,NA,NA,NA
1983,12,1983-12-01,3.26199963918555,68.6991405811866,NA,NA,NA,NA,NA,NA
1984,1,1984-01-01,-1.28899514426074,-28.4426158509443,NA,NA,NA,NA,NA,NA
1984,2,1984-02-01,3.55323995393555,92.4361401750538,NA,NA,NA,NA,NA,NA
1984,3,1984-03-01,3.67270975270117,81.314807730646,NA,NA,NA,NA,NA,NA
1984,4,1984-04-01,-0.141768884995117,-3.35655022718511,NA,NA,NA,NA,NA,NA
1984,5,1984-05-01,1.8859519749834,49.5497295528751,NA,NA,NA,NA,NA,NA
1984,6,1984-06-01,3.94546457518555,118.91327850787,NA,NA,NA,NA,NA,NA
1984,7,1984-07-01,1.37341401981738,44.0543363366852,NA,NA,NA,NA,NA,NA
1984,8,1984-08-01,-2.18805520775488,-71.0186922197343,NA,NA,NA,NA,NA,NA
1984,9,1984-09-01,-2.56450064664062,-63.3403794254111,NA,NA,NA,NA,NA,NA
1984,10,1984-10-01,-2.12213105183105,-49.7609801504213,NA,NA,NA,NA,NA,NA
1984,11,1984-11-01,-3.31377362752734,-63.3190978422843,NA,NA,NA,NA,NA,NA
1984,12,1984-12-01,0.999410757447265,21.0480281173061,NA,NA,NA,NA,NA,NA
1985,1,1985-01-01,-3.76027631388965,-82.973233192982,NA,NA,NA,NA,NA,NA
1985,2,1985-02-01,-1.4487235615918,-37.6879737789393,NA,NA,NA,NA,NA,NA
1985,3,1985-03-01,-0.52335858108789,-11.5873034519121,NA,NA,NA,NA,NA,NA
1985,4,1985-04-01,-2.60197721399902,-61.6049650745275,NA,NA,NA,NA,NA,NA
1985,5,1985-05-01,-0.412854322965821,-10.8469464329132,NA,NA,NA,NA,NA,NA
1985,6,1985-06-01,1.3155495846582,39.6496562496741,NA,NA,NA,NA,NA,NA
1985,7,1985-07-01,-1.19667687344434,-38.3852244904704,NA,NA,NA,NA,NA,NA
1985,8,1985-08-01,4.17375309966699,135.46938200456,NA,NA,NA,NA,NA,NA
1985,9,1985-09-01,-1.707432024375,-42.171715732917,NA,NA,NA,NA,NA,NA
1985,10,1985-10-01,-1.62054675046387,-37.9995357087316,NA,NA,NA,NA,NA,NA
1985,11,1985-11-01,0.949231565734375,18.1377767891068,NA,NA,NA,NA,NA,NA
1985,12,1985-12-01,-1.52696548376367,-32.1585616293605,NA,NA,NA,NA,NA,NA
1986,1,1986-01-01,2.0298965962666,44.7911455383042,NA,NA,NA,NA,NA,NA
1986,2,1986-02-01,-1.6258890115918,-42.2968632946159,NA,NA,NA,NA,NA,NA
1986,3,1986-03-01,0.747519012173829,16.5502772728534,NA,NA,NA,NA,NA,NA
1986,4,1986-04-01,-0.0511868971044915,-1.21191184589552,NA,NA,NA,NA,NA,NA
1986,5,1986-05-01,-0.736888700700196,-19.3603211081691,NA,NA,NA,NA,NA,NA
1986,6,1986-06-01,-0.954536532919922,-28.7689995492369,NA,NA,NA,NA,NA,NA
1986,7,1986-07-01,5.34506509413379,171.451064282681,NA,NA,NA,NA,NA,NA
1986,8,1986-08-01,1.04621388619043,33.9574347649156,NA,NA,NA,NA,NA,NA
1986,9,1986-09-01,-0.937331337851562,-23.1510655552453,NA,NA,NA,NA,NA,NA
1986,10,1986-10-01,-2.43355469440918,-57.0634253426402,NA,NA,NA,NA,NA,NA
1986,11,1986-11-01,1.324016463,25.2991113421493,NA,NA,NA,NA,NA,NA
1986,12,1986-12-01,-0.287614728392579,-6.05729210442064,NA,NA,NA,NA,NA,NA
1987,1,1987-01-01,1.34172724089551,29.6061879359716,NA,NA,NA,NA,NA,NA
1987,2,1987-02-01,-2.76996720075195,-72.0596075042483,NA,NA,NA,NA,NA,NA
1987,3,1987-03-01,-1.1091810554043,-24.5575747422843,NA,NA,NA,NA,NA,NA
1987,4,1987-04-01,-0.198440298471679,-4.69831464739768,NA,NA,NA,NA,NA,NA
1987,5,1987-05-01,-1.32194222775098,-34.7314675762954,NA,NA,NA,NA,NA,NA
1987,6,1987-06-01,0.398618417763672,12.0140536118408,NA,NA,NA,NA,NA,NA
1987,7,1987-07-01,-1.49983433291699,-48.1094594916241,NA,NA,NA,NA,NA,NA
1987,8,1987-08-01,-1.0762343563877,-34.9318226714342,NA,NA,NA,NA,NA,NA
1987,9,1987-09-01,4.44337715335937,109.746587583304,NA,NA,NA,NA,NA,NA
1987,10,1987-10-01,-0.541406157885742,-12.6952108130281,NA,NA,NA,NA,NA,NA
1987,11,1987-11-01,-2.13147875926563,-40.7279818348356,NA,NA,NA,NA,NA,NA
1987,12,1987-12-01,-0.0706947047597657,-1.48886143404027,NA,NA,NA,NA,NA,NA
1988,1,1988-01-01,-1.63898149220996,-36.165319301083,NA,NA,NA,NA,NA,NA
1988,2,1988-02-01,1.83079807893555,47.6274921059765,NA,NA,NA,NA,NA,NA
1988,3,1988-03-01,-1.98870293782617,-44.0304320001798,NA,NA,NA,NA,NA,NA
1988,4,1988-04-01,-1.03978394915527,-24.6181455887219,NA,NA,NA,NA,NA,NA
1988,5,1988-05-01,-1.42390463517285,-37.4103320327238,NA,NA,NA,NA,NA,NA
1988,6,1988-06-01,-1.68999614512695,-50.9351886078604,NA,NA,NA,NA,NA,NA
1988,7,1988-07-01,2.03797669413379,65.3711913772612,NA,NA,NA,NA,NA,NA
1988,8,1988-08-01,1.07139690913965,34.7748114698792,NA,NA,NA,NA,NA,NA
1988,9,1988-09-01,-1.18143364732422,-29.1801273614379,NA,NA,NA,NA,NA,NA
1988,10,1988-10-01,1.21133223937988,28.4040325725117,NA,NA,NA,NA,NA,NA
1988,11,1988-11-01,4.45278599210156,85.0831781514941,NA,NA,NA,NA,NA,NA
1988,12,1988-12-01,-3.12656803308008,-65.8468916614723,NA,NA,NA,NA,NA,NA
1989,1,1989-01-01,-2.33860816183887,-51.6030908799224,NA,NA,NA,NA,NA,NA
1989,2,1989-02-01,-0.693617346748047,-18.0441825272278,NA,NA,NA,NA,NA,NA
1989,3,1989-03-01,-0.924518369564453,-20.4690919039527,NA,NA,NA,NA,NA,NA
1989,4,1989-04-01,-0.224430716049804,-5.3136692933025,NA,NA,NA,NA,NA,NA
1989,5,1989-05-01,4.7205991749834,124.02458575331,NA,NA,NA,NA,NA,NA
1989,6,1989-06-01,1.46868543260742,44.265053344164,NA,NA,NA,NA,NA,NA
1989,7,1989-07-01,-1.02304858086621,-32.8158338417437,NA,NA,NA,NA,NA,NA
1989,8,1989-08-01,0.243855861874024,7.91493941241971,NA,NA,NA,NA,NA,NA
1989,9,1989-09-01,0.421706059414062,10.4156814482663,NA,NA,NA,NA,NA,NA
1989,10,1989-10-01,1.47669594074707,34.626437105437,NA,NA,NA,NA,NA,NA
1989,11,1989-11-01,1.46930904883984,28.075340648258,NA,NA,NA,NA,NA,NA
1989,12,1989-12-01,-1.47344675407617,-31.0314337503868,NA,NA,NA,NA,NA,NA
1990,1,1990-01-01,1.38421157732129,30.5436357347635,NA,NA,NA,NA,NA,NA
1990,2,1990-02-01,-1.44595535143555,-37.6159598802569,NA,NA,NA,NA,NA,NA
1990,3,1990-03-01,-2.18870612161523,-48.4585576976607,NA,NA,NA,NA,NA,NA
1990,4,1990-04-01,0.705495659633789,16.7034650565494,NA,NA,NA,NA,NA,NA
1990,5,1990-05-01,4.23439381892871,111.250483220884,NA,NA,NA,NA,NA,NA
1990,6,1990-06-01,1.46476380155273,44.146858389698,NA,NA,NA,NA,NA,NA
1990,7,1990-07-01,0.683629875188477,21.9284644082516,NA,NA,NA,NA,NA,NA
1990,8,1990-08-01,0.497377775350586,16.1436142101751,NA,NA,NA,NA,NA,NA
1990,9,1990-09-01,-0.41529303921875,-10.2572868177303,NA,NA,NA,NA,NA,NA
1990,10,1990-10-01,1.53455922248535,35.9832494528801,NA,NA,NA,NA,NA,NA
1990,11,1990-11-01,-0.262975351160156,-5.02489423293643,NA,NA,NA,NA,NA,NA
1990,12,1990-12-01,1.59942030881445,33.6844919673515,NA,NA,NA,NA,NA,NA
1991,1,1991-01-01,-1.00198557736621,-22.1095409025442,NA,NA,NA,NA,NA,NA
1991,2,1991-02-01,-2.35896488727539,-61.3675439359796,NA,NA,NA,NA,NA,NA
1991,3,1991-03-01,1.92743014391211,42.6738354293299,NA,NA,NA,NA,NA,NA
1991,4,1991-04-01,-0.112625783627929,-2.6665519703865,NA,NA,NA,NA,NA,NA
1991,5,1991-05-01,-0.117194099333008,-3.07904761317925,NA,NA,NA,NA,NA,NA
1991,6,1991-06-01,-1.80691457686523,-54.4590205346352,NA,NA,NA,NA,NA,NA
1991,7,1991-07-01,-0.0572892626044919,-1.8376399300151,NA,NA,NA,NA,NA,NA
1991,8,1991-08-01,4.69975147671777,152.541947959684,NA,NA,NA,NA,NA,NA
1991,9,1991-09-01,2.17959640335938,53.8336628473429,NA,NA,NA,NA,NA,NA
1991,10,1991-10-01,0.947544879907227,22.2185910337693,NA,NA,NA,NA,NA,NA
1991,11,1991-11-01,-1.13146284032031,-21.6198251129813,NA,NA,NA,NA,NA,NA
1991,12,1991-12-01,-1.13641716755273,-23.9334430987466,NA,NA,NA,NA,NA,NA
1992,1,1992-01-01,2.67358235232129,58.9945401513134,NA,NA,NA,NA,NA,NA
1992,2,1992-02-01,1.1938021640918,31.0562938647159,NA,NA,NA,NA,NA,NA
1992,3,1992-03-01,-2.40443427698633,-53.2348386066505,NA,NA,NA,NA,NA,NA
1992,4,1992-04-01,-1.01264011067871,-23.9754823046852,NA,NA,NA,NA,NA,NA
1992,5,1992-05-01,-2.82742563175488,-74.2851235040355,NA,NA,NA,NA,NA,NA
1992,6,1992-06-01,1.21908515018555,36.7422921246238,NA,NA,NA,NA,NA,NA
1992,7,1992-07-01,0.0879648758720704,2.82160671987186,NA,NA,NA,NA,NA,NA
1992,8,1992-08-01,0.748554399666992,24.2961669025828,NA,NA,NA,NA,NA,NA
1992,9,1992-09-01,-1.55821780748047,-38.486286709475,NA,NA,NA,NA,NA,NA
1992,10,1992-10-01,-1.23315111804199,-28.9156545041888,NA,NA,NA,NA,NA,NA
1992,11,1992-11-01,-0.663366192371094,-12.6755033871614,NA,NA,NA,NA,NA,NA
1992,12,1992-12-01,-2.26357851686914,-47.6719546130219,NA,NA,NA,NA,NA,NA
1993,1,1993-01-01,-0.927974403049805,-20.4764304838342,NA,NA,NA,NA,NA,NA
1993,2,1993-02-01,0.96350245803711,25.0651375715513,NA,NA,NA,NA,NA,NA
1993,3,1993-03-01,0.810918714224609,17.9539641769568,NA,NA,NA,NA,NA,NA
1993,4,1993-04-01,2.95432038531738,69.9471168222576,NA,NA,NA,NA,NA,NA
1993,5,1993-05-01,-2.50577499054395,-65.8343768816826,NA,NA,NA,NA,NA,NA
1993,6,1993-06-01,0.982480076552734,29.6111965385101,NA,NA,NA,NA,NA,NA
1993,7,1993-07-01,-1.04865452481152,-33.6371833041113,NA,NA,NA,NA,NA,NA
1993,8,1993-08-01,-2.39986173207129,-77.8933918649928,NA,NA,NA,NA,NA,NA
1993,9,1993-09-01,1.01225755941406,25.0016618141693,NA,NA,NA,NA,NA,NA
1993,10,1993-10-01,1.29833862248535,30.4442095441156,NA,NA,NA,NA,NA,NA
1993,11,1993-11-01,0.396473823839844,7.5757633638819,NA,NA,NA,NA,NA,NA
1993,12,1993-12-01,3.35688773176367,70.6975253551141,NA,NA,NA,NA,NA,NA
1994,1,1994-01-01,0.917306797633789,20.2410420075873,NA,NA,NA,NA,NA,NA
1994,2,1994-02-01,-2.57665385817383,-67.0306369129242,NA,NA,NA,NA,NA,NA
1994,3,1994-03-01,2.42624623512305,53.7177613807172,NA,NA,NA,NA,NA,NA
1994,4,1994-04-01,0.0976043987939459,2.3109024731158,NA,NA,NA,NA,NA,NA
1994,5,1994-05-01,1.39540206687793,36.6614823433842,NA,NA,NA,NA,NA,NA
1994,6,1994-06-01,0.447831042763672,13.4972844129824,NA,NA,NA,NA,NA,NA
1994,7,1994-07-01,-1.30102301738965,-41.7322852124909,NA,NA,NA,NA,NA,NA
1994,8,1994-08-01,-0.590029000333008,-19.1508367004886,NA,NA,NA,NA,NA,NA
1994,9,1994-09-01,1.42683547767578,35.2412859213003,NA,NA,NA,NA,NA,NA
1994,10,1994-10-01,0.282597731958008,6.62651824371686,NA,NA,NA,NA,NA,NA
1994,11,1994-11-01,1.16103809005078,22.1849446238125,NA,NA,NA,NA,NA,NA
1994,12,1994-12-01,-1.15963937497461,-24.4225129542783,NA,NA,NA,NA,NA,NA
1995,1,1995-01-01,1.52754334763379,33.7063555482445,NA,NA,NA,NA,NA,NA
1995,2,1995-02-01,0.233156345146485,6.06547063583273,NA,NA,NA,NA,NA,NA
1995,3,1995-03-01,-1.42533372366602,-31.5572820876102,NA,NA,NA,NA,NA,NA
1995,4,1995-04-01,-0.740163647104492,-17.5242716899996,NA,NA,NA,NA,NA,NA
1995,5,1995-05-01,0.914694683772461,24.0318283845892,NA,NA,NA,NA,NA,NA
1995,6,1995-06-01,0.081658354873047,2.46112023323805,NA,NA,NA,NA,NA,NA
1995,7,1995-07-01,0.434414066399414,13.9344896108543,NA,NA,NA,NA,NA,NA
1995,8,1995-08-01,-2.53450439828223,-82.2635494539736,NA,NA,NA,NA,NA,NA
1995,9,1995-09-01,-2.03104348111328,-50.1645670831648,NA,NA,NA,NA,NA,NA
1995,10,1995-10-01,0.45307334074707,10.6239308341241,NA,NA,NA,NA,NA,NA
1995,11,1995-11-01,5.26183385762891,100.542345467833,NA,NA,NA,NA,NA,NA
1995,12,1995-12-01,0.164372474341796,3.46175627576219,NA,NA,NA,NA,NA,NA
1996,1,1996-01-01,0.101146169899414,2.23186384219724,NA,NA,NA,NA,NA,NA
1996,2,1996-02-01,-0.806998621064453,-20.9937517940963,NA,NA,NA,NA,NA,NA
1996,3,1996-03-01,-0.683184270248046,-15.1258883278114,NA,NA,NA,NA,NA,NA
1996,4,1996-04-01,2.09329168463379,49.5612184568162,NA,NA,NA,NA,NA,NA
1996,5,1996-05-01,1.2461878499834,32.7411682576381,NA,NA,NA,NA,NA,NA
1996,6,1996-06-01,1.51908992586914,45.7842061412708,NA,NA,NA,NA,NA,NA
1996,7,1996-07-01,4.12932101981738,132.454230424535,NA,NA,NA,NA,NA,NA
1996,8,1996-08-01,-2.40535970502051,-78.0718420463818,NA,NA,NA,NA,NA,NA
1996,9,1996-09-01,4.23510778646484,104.602560523272,NA,NA,NA,NA,NA,NA
1996,10,1996-10-01,-0.61426391130371,-14.4036223734299,NA,NA,NA,NA,NA,NA
1996,11,1996-11-01,-2.74013896737109,-52.3581713413206,NA,NA,NA,NA,NA,NA
1996,12,1996-12-01,5.26476123986914,110.878176747579,NA,NA,NA,NA,NA,NA
1997,1,1997-01-01,1.69840343005566,37.4765076005807,NA,NA,NA,NA,NA,NA
1997,2,1997-02-01,-0.886892241962891,-23.0721529255146,NA,NA,NA,NA,NA,NA
1997,3,1997-03-01,0.55382119596289,12.2617541540705,NA,NA,NA,NA,NA,NA
1997,4,1997-04-01,-0.00631882415527318,-0.149605822565759,NA,NA,NA,NA,NA,NA
1997,5,1997-05-01,-0.0581389493330078,-1.52748810900352,NA,NA,NA,NA,NA,NA
1997,6,1997-06-01,-1.09982911875977,-33.1480067347949,NA,NA,NA,NA,NA,NA
1997,7,1997-07-01,-0.91320446397168,-29.2924173042299,NA,NA,NA,NA,NA,NA
1997,8,1997-08-01,-0.0620698077548827,-2.01462767367975,NA,NA,NA,NA,NA,NA
1997,9,1997-09-01,-1.92081489058594,-47.4420406698156,NA,NA,NA,NA,NA,NA
1997,10,1997-10-01,-2.84417253425293,-66.6918345590473,NA,NA,NA,NA,NA,NA
1997,11,1997-11-01,0.685444206261718,13.0973668210698,NA,NA,NA,NA,NA,NA
1997,12,1997-12-01,-0.69980891013086,-14.7382820401079,NA,NA,NA,NA,NA,NA
1998,1,1998-01-01,4.67595947937207,103.178448575643,NA,NA,NA,NA,NA,NA
1998,2,1998-02-01,1.79854074114258,46.7883301477185,1998-02-01,NA,NA,NA,NA,NA
1998,3,1998-03-01,1.05698183922461,23.4018696871217,1998-03-01,NA,NA,NA,NA,NA
1998,4,1998-04-01,-0.758310802573242,-17.9539275966077,1998-04-01,NA,NA,NA,NA,NA
1998,5,1998-05-01,-0.966419459489258,-25.3907965247896,1998-05-01,NA,NA,NA,NA,NA
1998,6,1998-06-01,2.80884517450195,84.6564408718152,1998-06-01,NA,NA,NA,NA,NA
1998,7,1998-07-01,-1.27895423086621,-41.0243954356155,1998-07-01,NA,NA,NA,NA,NA
1998,8,1998-08-01,-0.0722968063876954,-2.34656996913062,1998-08-01,NA,NA,NA,NA,NA
1998,9,1998-09-01,-2.96804417164062,-73.3074660087782,1998-09-01,NA,NA,NA,NA,NA
1998,10,1998-10-01,3.14361982316895,73.7134511491209,1998-10-01,NA,NA,NA,NA,NA
1998,11,1998-11-01,-2.25235726942187,-43.0377105827598,1998-11-01,NA,NA,NA,NA,NA
1998,12,1998-12-01,-2.65020520202539,-55.814481876642,1998-12-01,NA,NA,NA,NA,NA
1999,1,1999-01-01,1.79563681179394,39.6220329246937,1999-01-01,2.000788482,79.8052763819094,NA,NA,NA
1999,2,1999-02-01,-0.0869179541699219,-2.26113639932507,1999-02-01,-0.2049213705,-8.18331892146845,NA,NA,NA
1999,3,1999-03-01,2.80460673717383,62.0947673378316,1999-03-01,-0.654331062000001,-21.220633299285,NA,NA,NA
1999,4,1999-04-01,-3.87681488567871,-91.7882925137465,1999-04-01,-3.592915326,-95.4003763328455,NA,NA,NA
1999,5,1999-05-01,-1.29041538986035,-33.9031610701599,1999-05-01,-1.151575425,-31.8454001088732,NA,NA,NA
1999,6,1999-06-01,-1.45416001875977,-43.8272685030146,1999-06-01,-3.065355986,-69.2951228195087,NA,NA,NA
1999,7,1999-07-01,-1.49825799102246,-48.058895936133,1999-07-01,-1.742520626,-56.699974378683,NA,NA,NA
1999,8,1999-08-01,-1.6423717807041,-53.3071997410351,1999-08-01,-1.6218512695,-59.2776458738039,NA,NA,NA
1999,9,1999-09-01,4.30754261888672,106.391622177527,1999-09-01,3.51437197649999,97.4136519888687,NA,NA,NA
1999,10,1999-10-01,0.685372309692383,16.0710140256532,1999-10-01,-1.1730321295,-23.3146836730701,NA,NA,NA
1999,11,1999-11-01,0.0161525062617187,0.308639707881023,1999-11-01,-0.775000418499997,-16.0844874780406,NA,NA,NA
1999,12,1999-12-01,-0.614378868919922,-12.9390879689301,1999-12-01,-1.1372053385,-26.9738992389223,NA,NA,NA
2000,1,2000-01-01,0.327139771266602,7.21857711034134,2000-01-01,-0.0346456879999977,-1.3819095477386,NA,NA,NA
2000,2,2000-02-01,-0.738869893330078,-19.2214097320783,2000-02-01,-1.3387802505,-53.462778083484,NA,NA,NA
2000,3,2000-03-01,-1.08868861077539,-24.1038663615159,2000-03-01,-1.174016382,-38.0745658835546,NA,NA,NA
2000,4,2000-04-01,2.51455944410645,59.5352433905131,2000-04-01,0.407086834000002,10.8091156178131,NA,NA,NA
2000,5,2000-05-01,0.41980022361621,11.0294364980332,2000-05-01,-0.753937414999997,-20.8492106695699,NA,NA,NA
2000,6,2000-06-01,-1.28487627823242,-38.7251863019,2000-06-01,-2.998426816,-67.7821288714845,NA,NA,NA
2000,7,2000-07-01,0.79385846571582,25.4642135202754,2000-07-01,1.115748634,36.3054060978734,NA,NA,NA
2000,8,2000-08-01,-1.37939181586035,-44.771540715156,2000-08-01,-0.6100396995,-22.2965680984243,NA,NA,NA
2000,9,2000-09-01,-2.21451429869141,-54.6960969208008,2000-09-01,-1.2021660035,-33.3224204725269,NA,NA,NA
2000,10,2000-10-01,1.20306605627441,28.2102022371627,2000-10-01,-1.1690951195,-23.2364333502876,NA,NA,NA
2000,11,2000-11-01,-1.64527340321094,-31.437641584756,2000-11-01,-2.3576784385,-48.9316501205213,NA,NA,NA
2000,12,2000-12-01,0.391135022974609,8.23747483193081,2000-12-01,-1.6608276685,-39.3939393939394,NA,NA,NA
2001,1,2001-01-01,-2.86775922267871,-63.2791940969124,2001-01-01,-2.081890888,-83.0402010050251,NA,NA,NA
2001,2,2001-02-01,-0.84752214196289,-22.0479552553643,2001-02-01,-1.9490168005,-77.8319314519299,NA,NA,NA
2001,3,2001-03-01,0.218367951333985,4.83472672029109,2001-03-01,-1.937796322,-62.8447395301328,NA,NA,NA
2001,4,2001-04-01,-2.65711073294434,-62.910317977231,2001-04-01,-2.986615786,-79.3016934978047,NA,NA,NA
2001,5,2001-05-01,-2.21445931896191,-58.1806227390137,2001-05-01,-2.135827925,-59.0636908002177,NA,NA,NA
2001,6,2001-06-01,-1.02854770723633,-30.9996396212663,2001-06-01,-1.029921816,-23.2823068707726,NA,NA,NA
2001,7,2001-07-01,-2.2187231315498,-71.1689073104665,2001-07-01,-2.305513056,-75.0192159877018,NA,NA,NA
2001,8,2001-08-01,-2.00812154759863,-65.1785044651854,2001-08-01,-1.7438985795,-63.7383984459314,NA,NA,NA
2001,9,2001-09-01,-2.06687642369141,-51.049601829325,2001-09-01,-1.9895680035,-55.1481420854477,NA,NA,NA
2001,10,2001-10-01,-2.73828849577637,-64.2090031936928,2001-10-01,-3.4525609195,-68.6216205641848,NA,NA,NA
2001,11,2001-11-01,-2.38972969842578,-45.6626026999142,2001-11-01,-3.4639782485,-71.8919802263349,NA,NA,NA
2001,12,2001-12-01,-1.20612223718164,-25.4014623836455,2001-12-01,-2.5466549185,-60.4052855208479,NA,NA,NA
2002,1,2002-01-01,-0.943314900999024,-20.8149297342577,2002-01-01,-0.731496458,-29.177135678392,NA,NA,NA
2002,2,2002-02-01,0.370567221513672,9.64016055098634,2002-02-01,-0.252165490500001,-10.0699630532191,NA,NA,NA
2002,3,2002-03-01,1.23061013180273,27.2460480127318,2002-03-01,0.837795727999998,27.170582226762,NA,NA,NA
2002,4,2002-04-01,1.76968022789551,41.899324884951,2002-04-01,0.229921383999999,6.10495504913231,NA,NA,NA
2002,5,2002-05-01,-0.340842411540039,-8.95497315731349,2002-05-01,-1.399607055,-38.704409363092,NA,NA,NA
2002,6,2002-06-01,1.70529050624023,51.3961489302777,2002-06-01,-2.010237306,-45.4432182271271,NA,NA,NA
2002,7,2002-07-01,-0.460063840338867,-14.757244986716,2002-07-01,-1.281890456,-41.7115039713041,NA,NA,NA
2002,8,2002-08-01,-1.99789454896582,-64.8465621697346,2002-08-01,-1.7005914695,-62.1555507590474,NA,NA,NA
2002,9,2002-09-01,0.789416641835938,19.4977332854731,2002-09-01,0.5537404565,15.3489387242866,NA,NA,NA
2002,10,2002-10-01,0.132191646801758,3.0997076768082,2002-10-01,-1.4604338595,-29.0269572361987,NA,NA,NA
2002,11,2002-11-01,2.15317229952344,41.1424988032608,2002-11-01,-1.3379928485,-27.7689259304654,NA,NA,NA
2002,12,2002-12-01,-0.406109502025391,-8.55284391691837,2002-12-01,0.6777562715,16.0760143810991,NA,NA,NA
2003,1,2003-01-01,-2.60554820510059,-57.4933171849113,2003-01-01,-2.227560258,-88.8505025125628,NA,NA,NA
2003,2,2003-02-01,-0.206989069697265,-5.38473925467615,2003-02-01,-1.4687015805,-58.6510494457983,NA,NA,NA
2003,3,2003-03-01,-0.338695895248047,-7.49882061358057,2003-03-01,0.180315057999997,5.84780388151165,NA,NA,NA
2003,4,2003-04-01,-1.70004051878418,-40.2505203433424,2003-04-01,-2.340946146,-62.1576416475016,NA,NA,NA
2003,5,2003-05-01,-1.77350650948926,-46.5954430818578,2003-05-01,-1.147638415,-31.7365269461078,NA,NA,NA
2003,6,2003-06-01,-0.126188091025391,-3.80321235345854,2003-06-01,-1.506300026,-34.0512637949449,NA,NA,NA
2003,7,2003-07-01,-0.320307674811523,-10.2743541523223,2003-07-01,-0.943307596000001,-30.6943376889572,NA,NA,NA
2003,8,2003-08-01,-1.86206001449316,-60.4377195763967,2003-08-01,-1.6887804395,-61.7238650262608,NA,NA,NA
2003,9,2003-09-01,0.165800409414063,4.09508995637501,2003-09-01,0.278149756499999,7.70993615976425,NA,NA,NA
2003,10,2003-10-01,4.11133995695801,96.4051234316083,2003-10-01,2.8545291005,56.7353965335108,NA,NA,NA
2003,11,2003-11-01,0.0212660055781253,0.406347698807851,2003-11-01,0.3352364015,6.95755198758017,NA,NA,NA
2003,12,2003-12-01,0.155298896607421,3.27066275605114,2003-12-01,-1.4954732485,-35.4718214502498,NA,NA,NA
2004,1,2004-01-01,-3.83940098752246,-84.7191766951665,2004-01-01,-2.140946038,-85.3957286432161,NA,NA,NA
2004,2,2004-02-01,-2.36446286022461,-61.5105715403073,2004-02-01,-2.1813003905,-87.1079317663706,NA,NA,NA
2004,3,2004-03-01,-3.44578111145898,-76.2905449727154,2004-03-01,-2.500788752,-81.1031664964249,NA,NA,NA
2004,4,2004-04-01,-0.920481780893554,-21.7935221179487,2004-04-01,-2.049607406,-54.4219109345599,NA,NA,NA
2004,5,2004-05-01,-0.656956632438477,-17.26026107615,2004-05-01,-0.785433495000002,-21.720195971693,NA,NA,NA
2004,6,2004-06-01,-0.897057724814453,-27.036632324466,2004-06-01,-1.813386806,-40.9932360270559,NA,NA,NA
2004,7,2004-07-01,1.1623764427666,37.2849861881332,2004-07-01,-0.396063206000001,-12.8875224186524,NA,NA,NA
2004,8,2004-08-01,2.01155028345605,65.2897924873971,2004-08-01,1.9017726805,69.5085977408446,NA,NA,NA
2004,9,2004-09-01,-1.34521941490234,-33.2254578535438,2004-09-01,-3.6076791135,-100,NA,NA,NA
2004,10,2004-10-01,-1.58236851872559,-37.1043100203522,2004-10-01,-4.4879945495,-89.2014554560038,NA,NA,NA
2004,11,2004-11-01,0.130341175207031,2.49053995639725,2004-11-01,-0.255315098500001,-5.29885198349472,NA,NA,NA
2004,12,2004-12-01,0.212008757447265,4.46499725424522,2004-12-01,-1.9009852785,-45.0903487883457,NA,NA,NA
2005,1,2005-01-01,-1.20748673410449,-26.6440734677416,2005-01-01,-1.459843308,-58.2286432160804,NA,NA,NA
2005,2,2005-02-01,-1.03652937985352,-26.9649042265157,2005-02-01,-1.4372055005,-57.3932866912978,NA,NA,NA
2005,3,2005-03-01,1.07509054733008,23.8028014832604,2005-03-01,2.298426438,74.5403472931563,NA,NA,NA
2005,4,2005-04-01,3.18854172242676,75.4925909389029,2005-04-01,3.147245794,83.5667990800753,NA,NA,NA
2005,5,2005-05-01,7.62375957635059,200.299493409761,2005-05-01,3.773624085,104.354926510615,NA,NA,NA
2005,6,2005-06-01,-1.02028152413086,-30.750503197637,2005-06-01,-2.317324086,-52.3851904592382,NA,NA,NA
2005,7,2005-07-01,-1.57265363897168,-50.4452491038226,2005-07-01,-1.959056176,-63.7458365359979,NA,NA,NA
2005,8,2005-08-01,0.535978928084961,17.3965091899972,2005-08-01,0.527756190499998,19.2891574933448,NA,NA,NA
2005,9,2005-09-01,-1.21726658990234,-30.0651621075982,2005-09-01,-0.257283603500001,-7.1315545370219,NA,NA,NA
2005,10,2005-10-01,10.1530739650635,238.075264769984,2005-10-01,7.77972861050003,154.626550334521,NA,NA,NA
2005,11,2005-11-01,0.193317956261718,3.69389100254863,2005-11-01,0.398228561499999,8.26490174449481,NA,NA,NA
2005,12,2005-12-01,0.0151582574472648,0.319239538479984,2005-12-01,-1.0387800885,-24.6393052248214,NA,NA,NA
2006,1,2006-01-01,-0.414586761155274,-9.14815857680324,2006-01-01,-0.727559448,-29.0201005025126,NA,NA,NA
2006,2,2006-02-01,-0.823108066279297,-21.4128326767066,2006-02-01,-0.7994098805,-31.9235909126641,NA,NA,NA
2006,3,2006-03-01,-3.10682915677148,-68.7860551324633,2006-03-01,-2.485040712,-80.5924412665986,NA,NA,NA
2006,4,2006-04-01,-1.35555214378418,-32.0943404212904,2006-04-01,-2.640158906,-70.1024461634957,NA,NA,NA
2006,5,2006-05-01,2.11667460203418,55.611518995947,2006-05-01,1.301181805,35.9825802939575,NA,NA,NA
2006,6,2006-06-01,7.73995019950195,233.276167146206,2006-06-01,6.47401924400001,146.351014595942,NA,NA,NA
2006,7,2006-07-01,3.27459768671191,105.037684031302,2006-07-01,1.533071694,49.8847040737894,NA,NA,NA
2006,8,2006-08-01,-0.480569357071289,-15.5980558164714,2006-08-01,1.3584653005,49.6510540326642,NA,NA,NA
2006,9,2006-09-01,-0.833408114902343,-20.5842748697612,2006-09-01,-0.7100397535,-19.6813444644514,NA,NA,NA
2006,10,2006-10-01,4.1700106333252,97.7808680443646,2006-10-01,1.5986229105,31.7735435658672,NA,NA,NA
2006,11,2006-11-01,1.57834577110547,30.1587982592991,2006-11-01,3.0517733015,63.3370102545248,NA,NA,NA
2006,12,2006-12-01,0.335232556763671,7.06014441811779,2006-12-01,-0.475787658499999,-11.285427464164,NA,NA,NA
2007,1,2007-01-01,-0.521662667893555,-11.5108663773785,2007-01-01,1.315748742,52.4811557788945,NA,NA,NA
2007,2,2007-02-01,-1.25817842916992,-32.7310170862977,2007-02-01,-0.0868110704999983,-3.46670859209175,NA,NA,NA
2007,3,2007-03-01,0.979817981119141,21.6934405685434,2007-03-01,0.861417787999998,27.9366700715015,NA,NA,NA
2007,4,2007-04-01,5.07361594410644,120.124008525757,2007-04-01,4.529136304,120.259251515785,NA,NA,NA
2007,5,2007-05-01,-0.220732848649414,-5.79932739491442,2007-05-01,-0.250000135000001,-6.91344583560155,NA,NA,NA
2007,6,2007-06-01,-0.670679649814453,-20.2137706392145,2007-06-01,-2.695277046,-60.9291562833749,NA,NA,NA
2007,7,2007-07-01,0.122990423821289,3.94510425773503,2007-07-01,-0.348819086000001,-11.3502434025109,NA,NA,NA
2007,8,2007-08-01,-0.486067330020508,-15.7765059978603,2007-08-01,-0.487992389499999,-17.8358155262968,NA,NA,NA
2007,9,2007-09-01,-0.421213933164062,-10.403526464628,2007-09-01,-0.678543673499998,-18.8083155999345,NA,NA,NA
2007,10,2007-10-01,0.846389867114258,19.8466486509634,2007-10-01,-0.491929399500002,-9.77737783168359,NA,NA,NA
2007,11,2007-11-01,1.1917575333125,22.7719272159217,2007-11-01,2.2053161515,45.769497895984,NA,NA,NA
2007,12,2007-12-01,0.473027906763671,9.96217481915345,2007-12-01,0.0517716815000009,1.22799645141712,NA,NA,NA
2008,1,2008-01-01,-0.410242209104492,-9.05229287430233,2008-01-01,-0.207874127999998,-8.2914572864321,NA,NA,NA
2008,2,2008-02-01,3.74655329651367,97.4651107663779,2008-02-01,4.8777585395,194.788145586039,NA,NA,NA
2008,3,2008-03-01,2.33689456285742,51.7394906923386,2008-03-01,2.483465908,80.5413687436159,NA,NA,NA
2008,4,2008-04-01,-0.335851174838867,-7.95168373684121,2008-04-01,-0.0771653959999989,-2.04892326991425,NA,NA,NA
2008,5,2008-05-01,-2.4742866000166,-65.0070805054326,2008-05-01,-1.190945525,-32.9341317365269,NA,NA,NA
2008,6,2008-06-01,-0.57463813633789,-17.3191530288616,2008-06-01,-2.762206216,-62.442150231399,NA,NA,NA
2008,7,2008-07-01,1.27183608602832,40.7960701511369,2008-07-01,0.501575074,16.3207788880348,NA,NA,NA
2008,8,2008-08-01,2.36745752535059,76.8416339497602,2008-08-01,1.1183076905,40.8734441326714,NA,NA,NA
2008,9,2008-09-01,6.46659275130859,159.717814457973,2008-09-01,5.9395701365,164.636874556665,NA,NA,NA
2008,10,2008-10-01,-0.922919343725586,-21.6411569417179,2008-10-01,-2.1415365895,-42.5642630775852,NA,NA,NA
2008,11,2008-11-01,-0.16927912684375,-3.23456059467581,2008-11-01,0.339173411500003,7.0392613473874,NA,NA,NA
2008,12,2008-12-01,0.307281323658203,6.47147921121129,2008-12-01,0.473031751499995,11.220058831769,NA,NA,NA
2009,1,2009-01-01,-1.7201054287334,-37.9553779937989,2009-01-01,0.339370262000001,13.5364321608041,NA,NA,NA
2009,2,2009-02-01,-0.595192096748047,-15.4836883518519,2009-02-01,0.299015909500001,11.9408851505385,2009-02-01,NA,NA
2009,3,2009-03-01,-1.27808032229883,-28.2970511338709,2009-03-01,-0.146456772,-4.7497446373851,2009-03-01,NA,NA
2009,4,2009-04-01,0.28384342652832,6.72033724347517,2009-04-01,2.308662664,61.3004390549864,2009-04-01,NA,NA
2009,5,2009-05-01,1.03438132566699,27.1763627182474,2009-05-01,2.017717625,55.7974959172564,2009-05-01,NA,NA
2009,6,2009-06-01,6.28010381571289,189.277515959216,2009-06-01,4.39921497399999,99.448202207191,2009-06-01,NA,NA
2009,7,2009-07-01,3.45134021571582,110.706968533559,2009-07-01,1.513386644,49.2441711503971,2009-07-01,NA,NA
2009,8,2009-08-01,2.42928088550684,78.8482625628616,2009-08-01,2.6813006605,97.9998561047557,2009-08-01,NA,NA
2009,9,2009-09-01,-1.54206991490234,-38.0874513088448,2009-09-01,-1.4383866035,-39.8701369564031,2009-09-01,NA,NA
2009,10,2009-10-01,2.42592289279785,56.8844703586087,2009-10-01,0.795472870499997,15.8104777182205,2009-10-01,NA,NA
2009,11,2009-11-01,-1.14368910184375,-21.8534427153477,2009-11-01,-0.782874438500002,-16.247906197655,NA,NA,NA
2009,12,2009-12-01,0.421431545240234,8.87553285537281,2009-12-01,0.669882251499999,15.889246859971,NA,NA,NA
2010,1,2010-01-01,-1.43663301926074,-31.7003529978775,2010-01-01,0.843307542,33.6369346733668,NA,NA,NA
2010,2,2010-02-01,-0.804614884541015,-20.9317398257864,2010-02-01,0.944685549499999,37.7250216177973,NA,NA,NA
2010,3,2010-03-01,3.13217827233008,69.3472915482386,2010-03-01,4.011025788,130.081716036772,2010-03-01,NA,NA
2010,4,2010-04-01,-2.43192452620605,-57.5787615259521,2010-04-01,-1.864567936,-49.5086765628266,2010-04-01,NA,NA
2010,5,2010-05-01,-1.28257212775098,-33.6970945735115,2010-05-01,-0.769685454999999,-21.2847033206315,2010-05-01,NA,NA
2010,6,2010-06-01,1.63362462108398,49.2361940761152,2010-06-01,6.77323200400001,153.11498754005,2010-06-01,NA,NA
2010,7,2010-07-01,0.349368498821289,11.206524129237,2010-07-01,6.816539114,221.803740712273,2010-07-01,NA,NA
2010,8,2010-08-01,-0.798682840860351,-25.9232082697059,2010-08-01,-1.2596463495,-46.0392834016835,2010-08-01,NA,NA
2010,9,2010-09-01,1.19730471888672,29.5721255837716,2010-09-01,0.561614476499999,15.5671959404157,2010-09-01,NA,NA
2010,10,2010-10-01,3.78261500090332,88.6969868398218,2010-10-01,2.48445016049999,49.3798661919479,2010-10-01,NA,NA
2010,11,2010-11-01,0.442918238683593,8.46321639425483,2010-11-01,2.98878114149999,62.0296604976099,2010-11-01,NA,NA
2010,12,2010-12-01,2.88640734729101,60.7890024707744,2010-12-01,3.5124034715,83.3123219872064,2010-12-01,NA,NA
2011,1,2011-01-01,-2.10515577199512,-46.4517940163343,2011-01-01,0.237008001999999,9.45351758793967,2011-01-01,NA,NA
2011,2,2011-02-01,-1.41723517106445,-36.8688156814265,2011-02-01,0.472244349500001,18.8585803002909,2011-02-01,NA,NA
2011,3,2011-03-01,0.417602187857423,9.2458277130527,2011-03-01,0.660630277999999,21.4249233912155,2011-03-01,NA,NA
2011,4,2011-04-01,0.509837027895508,12.0710097414464,2011-04-01,-0.297637956000001,-7.90298975538369,2011-04-01,NA,NA
2011,5,2011-05-01,0.337522866194336,8.86775854299673,2011-05-01,-1.183071505,-32.7163854109962,2011-05-01,NA,NA
2011,6,2011-06-01,-0.852958599130859,-25.7075184737555,2011-06-01,-3.305513596,-74.7241011035956,2011-06-01,NA,NA
2011,7,2011-07-01,-1.28091504639355,-41.0872915656166,2011-07-01,-1.813386806,-59.0058929028952,2011-07-01,NA,NA
2011,8,2011-08-01,3.91903931792871,127.202022202447,2011-08-01,2.0671271005,75.5521979998561,2011-08-01,NA,NA
2011,9,2011-09-01,-1.93577091490234,-47.8114382194468,2011-09-01,-2.7061038235,-75.0095487532056,2011-09-01,NA,NA
2011,10,2011-10-01,3.37238163469238,79.0775929878496,2011-10-01,0.929331210499997,18.4709886928283,2011-10-01,NA,NA
2011,11,2011-11-01,-2.16139080789844,-41.2995368494301,2011-11-01,-1.8655521885,-38.7179801446255,2011-11-01,NA,NA
2011,12,2011-12-01,0.200205416919921,4.21641373496008,2011-12-01,-0.491535698499998,-11.6589625064201,2011-12-01,NA,NA
2012,1,2012-01-01,-1.97247392131152,-43.5240724293379,2012-01-01,0.0204724520000004,0.816582914572879,2012-01-01,NA,NA
2012,2,2012-02-01,-1.9802199115918,-51.5146423259689,2012-02-01,-1.0435045005,-41.6712522600424,2012-02-01,NA,NA
2012,3,2012-03-01,-2.64380756077539,-58.5346291857577,2012-03-01,-1.355118842,-43.9479060265577,2012-03-01,NA,NA
2012,4,2012-04-01,0.570430072426758,13.5056235313073,2012-04-01,0.741732684,19.6947522475434,2012-04-01,NA,NA
2012,5,2012-05-01,2.78200622361621,73.0918166650622,2012-05-01,2.179135035,60.2612955906369,2012-05-01,NA,NA
2012,6,2012-06-01,4.10175310692383,123.623695075558,2012-06-01,2.666930574,60.2883588465646,2012-06-01,NA,NA
2012,7,2012-07-01,-1.74905014170605,-56.1034342890215,2012-07-01,-2.096851526,-68.2295669997438,2012-07-01,NA,NA
2012,8,2012-08-01,2.29583008755762,74.5167899782378,2012-08-01,2.2994106905,84.0420174113246,2012-08-01,NA,NA
2012,9,2012-09-01,2.55399682699219,63.0809464933822,2012-09-01,2.1561035265,59.7642822065805,2012-09-01,NA,NA
2012,10,2012-10-01,1.67039375695801,39.1683777077084,2012-10-01,-1.1494100695,-22.8451817363747,2012-10-01,NA,NA
2012,11,2012-11-01,-3.95745938358203,-75.6185503542906,2012-11-01,-3.8537422385,-79.9812068472444,2012-11-01,NA,NA
2012,12,2012-12-01,1.1088319533457,23.3524864100928,2012-12-01,-2.7868125285,-66.1016949152542,2012-12-01,NA,NA
2013,1,2013-01-01,-3.38153133820606,-74.6159496944302,2013-01-01,-1.617323708,-64.5100502512563,2013-01-01,NA,NA
2013,2,2013-02-01,-1.25541021901367,-32.6590031876152,2013-02-01,0.365945079499999,14.6136310038519,2013-02-01,NA,NA
2013,3,2013-03-01,-1.92807144593164,-42.6880340330657,2013-03-01,-0.260630062,-8.45250255362614,2013-03-01,NA,NA
2013,4,2013-04-01,-0.888993390366211,-21.0479962969487,2013-04-01,0.426771884000002,11.3318001254443,2013-04-01,NA,NA
2013,5,2013-05-01,1.84696634861621,48.5254578489466,2013-05-01,2.962600025,81.9270549809472,2013-05-01,NA,NA
2013,6,2013-06-01,2.85490511571289,86.0446521997588,2013-06-01,2.686615624,60.7333570665717,2013-06-01,NA,NA
2013,7,2013-07-01,1.23404232792285,39.5837780768016,2013-07-01,1.800788374,58.5959518319242,2013-07-01,NA,NA
2013,8,2013-08-01,0.611566444295899,19.8498872082542,2013-08-01,0.874213070500001,31.9519389884165,2013-08-01,NA,NA
2013,9,2013-09-01,1.81661484662109,44.868412806035,2013-09-01,1.4238196665,39.466361106564,2013-09-01,NA,NA
2013,10,2013-10-01,-3.21584319509277,-75.4069873582052,2013-10-01,-3.4801199895,-69.1693728236629,2013-10-01,NA,NA
2013,11,2013-11-01,-0.435411775476562,-8.31978400216044,2013-11-01,0.00452756150000244,0.0939657637782915,2013-11-01,NA,NA
2013,12,2013-12-01,-1.31911903786523,-27.7812244786912,2013-12-01,-0.168700878499998,-4.00149414016899,2013-12-01,NA,NA
2014,1,2014-01-01,-1.35670095099902,-29.9365937456707,2014-01-01,0.988976912,39.4472361809045,2014-01-01,NA,NA
2014,2,2014-02-01,-1.30500731764648,-33.9492522056757,2014-02-01,0.960433589499997,38.3539029950475,2014-02-01,NA,NA
2014,3,2014-03-01,-0.883571927669922,-19.5625263776519,2014-03-01,2.219686238,71.9867211440246,2014-03-01,NA,NA
2014,4,2014-04-01,1.06532453258301,25.2228498657553,2014-04-01,1.899213624,50.4286012962575,2014-04-01,NA,NA
2014,5,2014-05-01,-1.37861364122754,-36.2203990275682,2014-05-01,-1.045276155,-28.9058247142079,2014-05-01,NA,NA
2014,6,2014-06-01,1.42931533260742,43.0784687032507,2014-06-01,0.584252284000002,13.2075471698114,2014-06-01,NA,NA
2014,7,2014-07-01,5.00645916571582,160.589765911703,2014-07-01,3.411025464,110.991544965411,2014-07-01,NA,NA
2014,8,2014-08-01,0.00132989429589836,0.0431649774422723,2014-08-01,0.0159448905000019,0.582775739261888,2014-08-01,NA,NA
2014,9,2014-09-01,-2.59956464195312,-64.2064220096366,2014-09-01,-2.3596469435,-65.4062312435205,2014-09-01,NA,NA
2014,10,2014-10-01,3.77550223869629,88.5302025977773,2014-10-01,3.2757891705,65.1081810712468,2014-10-01,NA,NA
2014,11,2014-11-01,0.434652055578125,8.30526738636561,2014-11-01,1.5714575415,32.6142909670303,2014-11-01,NA,NA
2014,12,2014-12-01,3.89665026486914,82.0651606230102,2014-12-01,4.93760109149999,117.117243311388,2014-12-01,NA,NA
2015,1,2015-01-01,0.387771263161133,8.55645510011052,2015-01-01,0.0125984320000017,0.502512562814137,2015-01-01,NA,NA
2015,2,2015-02-01,-0.549093708173828,-14.2844569001817,2015-02-01,-0.598622370499999,-23.9053533527238,2015-02-01,NA,NA
2015,3,2015-03-01,-2.53396344388086,-56.1026501166107,2015-03-01,-1.485040172,-48.1613891726251,2015-03-01,NA,NA
2015,4,2015-04-01,-1.13075041067871,-26.7718868493888,2015-04-01,-0.250393836000002,-6.64854693706884,2015-04-01,NA,NA
2015,5,2015-05-01,-1.99988458448926,-52.5430878478647,2015-05-01,-2.379922545,-65.8138268916712,2015-05-01,NA,NA
2015,6,2015-06-01,2.15885405086914,65.0662065561119,2015-06-01,3.308663204,74.7953008187966,2015-06-01,NA,NA
2015,7,2015-07-01,-1.40771445049512,-45.1545746390225,2015-07-01,-1.238583346,-40.3023315398411,2015-07-01,-0.92700050058,-66.8348954578227
2015,8,2015-08-01,-0.596718841543945,-19.3679718862346,2015-08-01,-0.940748539499998,-34.3837686164472,2015-08-01,-0.0730000394199997,-3.28385065227169
2015,9,2015-09-01,0.934324754042969,23.0768062020804,2015-09-01,1.9553160165,54.1987231952857,2015-09-01,1.7750009585,75.0528541226216
2015,10,2015-10-01,3.30702111711426,77.5449810339271,2015-10-01,-3.9171280995,-77.8551586525294,2015-10-01,-0.249000134460001,-7.5477417399212
2015,11,2015-11-01,-1.58148922752734,-30.2188629610899,2015-11-01,-0.794685468499998,-16.4930342770764,2015-11-01,0.10400005616,3.96039603960396
2015,12,2015-12-01,1.44586153986914,30.4504770617331,2015-12-01,0.6029530815,14.3017229303824,2015-12-01,1.31222293082222,40.6540447504303
2016,1,2016-01-01,-1.0508137287334,-23.1869695943685,2016-01-01,-0.534645957999999,-21.3253768844221,2016-01-01,0.0522222504222225,1.91446028513239
2016,2,2016-02-01,2.02687963166992,52.728476595983,2016-02-01,1.8108277495,72.3134973665593,2016-02-01,0.252222358422222,13.0835734870317
2016,3,2016-03-01,-0.0351539621425783,-0.778318425650649,2016-03-01,0.487401838,15.8069458631256,2016-03-01,-2.02777887277778,-100
2016,4,2016-04-01,-1.39373037552246,-32.9982563434553,2016-04-01,-0.679527926,-18.0430692034288,2016-04-01,-0.5300002862,-20.4633204633205
2016,5,2016-05-01,-1.55973916964551,-40.979120918305,2016-05-01,-0.647638145,-17.9096352749047,2016-05-01,-0.547778073577778,-25.9884027411703
2016,6,2016-06-01,-0.0679403356542969,-2.04766964741982,2016-06-01,-1.844882886,-41.7052331790673,2016-06-01,-0.943333842733334,-34.1375150784077
2016,7,2016-07-01,0.39308315087207,12.6087378510267,2016-07-01,0.363779724,11.837048424289,2016-07-01,1.03300055782,74.4772891131939
2016,8,2016-08-01,-1.11322071986426,-36.1323057098692,2016-08-01,-0.3935041495,-14.3823296640046,2016-08-01,-1.00300054162,-45.119208277103
2016,9,2016-09-01,-2.13458223042969,-52.7218616876815,2016-09-01,-2.3596469435,-65.4062312435205,2016-09-01,-1.6250008775,-68.7103594080338
2016,10,2016-10-01,0.343229223852539,8.04824121509082,2016-10-01,-0.224212719500002,-4.45635588246806,2016-10-01,0.16100008694,4.88026674749925
2016,11,2016-11-01,1.04488860557812,19.9655774013318,2016-11-01,1.3470479715,27.9568574580218,2016-11-01,1.00400054216,38.2330540746382
2016,12,2016-12-01,1.43678796213477,30.259383542022,2016-12-01,1.9848435915,47.0794228883597,2016-12-01,1.76222317382222,54.5955249569708
2017,1,2017-01-01,1.44172883279004,31.8127958315896,2017-01-01,2.862993672,114.195979899497,2017-01-01,3.51222411882222,128.757637474542
2017,2,2017-02-01,-0.359740444013672,-9.35850619169499,2017-02-01,-0.791535860499999,-31.609150224039,2017-02-01,-1.66777867837778,-86.5129682997118
2017,3,2017-03-01,-1.6261058547207,-36.0024324898103,2017-03-01,-1.319685752,-42.7987742594484,2017-03-01,-0.607778105977778,-29.972602739726
2017,4,2017-04-01,0.096835451528321,2.29269671436122,2017-04-01,-0.337008056000001,-8.94835877064606,2017-04-01,-0.200000108,-7.72200772200773
2017,5,2017-05-01,3.34145380672168,87.7902166294248,2017-05-01,4.970475125,137.45236799129,2017-05-01,3.74222424302222,177.543489720611
2017,6,2017-06-01,0.169087658974609,5.09617245339121,2017-06-01,-1.852756906,-41.8832324670701,2017-06-01,-0.543333626733334,-19.6622436670688
2017,7,2017-07-01,-1.57776713828809,-50.609272344806,2017-07-01,-0.959055635999999,-31.206764027671,2017-07-01,-0.54700029538,-39.43763518385
2017,8,2017-08-01,-1.22544857328223,-39.7749356362641,2017-08-01,-1.3501975795,-49.3488740197136,2017-08-01,-0.83300044982,-37.4718848403059
2017,9,2017-09-01,-1.38655033042969,-34.2462865575377,2017-09-01,-0.9777564335,-27.1020898128444,2017-09-01,-0.6650003591,-28.1183932346723
2017,10,2017-10-01,1.8810084130127,44.1069943451127,2017-10-01,0.905709150499997,18.0014867561328,2017-10-01,0.58100031374,17.6113973931494
2017,11,2017-11-01,-1.92359386600391,-36.7557479480587,2017-11-01,-0.810433508499999,-16.8198717163051,2017-11-01,-0.0660000356399997,-2.5133282559025
2017,12,2017-12-01,0.95650350002539,20.144382490198,2017-12-01,0.205315071499999,4.86996311341456,2017-12-01,-0.357777970977778,-11.0843373493976
2018,1,2018-01-01,2.70707000573926,59.7334695927141,2018-01-01,3.142521382,125.345477386935,2018-01-01,1.43222299562222,52.5050916496945
2018,2,2018-02-01,0.791450507353516,20.5892737298299,2018-02-01,2.4210642995,96.6826507350051,2018-02-01,1.57222307122222,81.5561959654179
2018,3,2018-03-01,-1.37139207298242,-30.3629990515537,2018-03-01,-0.721260231999999,-23.391215526047,2018-03-01,-0.957778294977777,-47.2328767123287
2018,4,2018-04-01,1.7834443839502,42.225207966658,2018-04-01,3.426773504,90.9889190884382,2018-04-01,1.1800006372,45.5598455598456
2018,5,2018-05-01,-2.18020271827832,-57.2805970110055,2018-05-01,-2.364174505,-65.3783342406097,2018-05-01,-1.31777848937778,-62.5197680548234
2018,6,2018-06-01,0.664751066396484,20.0350876786395,2018-06-01,0.308661583999999,6.97757208971163,2018-06-01,-0.593333653733334,-21.4716525934861
2018,7,2018-07-01,-1.15849864170605,-37.1605998416251,2018-07-01,-1.970867206,-64.1301562900333,2018-07-01,-0.51700027918,-37.2746935832733
2018,8,2018-08-01,0.301719143612305,9.79303397878639,2018-08-01,-1.0470478095,-38.268940211526,2018-08-01,-1.19300064422,-53.6662168241116
2018,9,2018-09-01,0.756351909414063,18.681070322278,2018-09-01,1.9041348865,52.7800512904458,2018-09-01,0.4950002673,20.9302325581396
2018,10,2018-10-01,1.4192171326416,33.2786401224286,2018-10-01,2.52382026049999,50.1623694197737,2018-10-01,2.21100119394,67.0203091846014
2018,11,2018-11-01,3.42758705020703,65.4938279404889,2018-11-01,4.05571085149999,84.1728970053518,2018-11-01,0.0640000345600003,2.43716679360245
2018,12,2018-12-01,0.402938363501953,8.48605835121595,2018-12-01,0.587205041500001,13.9281878881263,2018-12-01,-0.0777778197777783,-2.40963855421688
2019,1,2019-01-01,3.08385416589551,68.0474862697832,2019-01-01,3.217324572,128.329145728643,2019-01-01,-1.26777846237778,-46.4765784114053
2019,2,2019-02-01,-0.511299950068359,-13.3012671445589,2019-02-01,1.6572843595,66.1819039383697,2019-02-01,0.332222401622222,17.2334293948127
2019,3,2019-03-01,-1.65090440403711,-36.5514792170066,2019-03-01,0.444094728,14.4024514811032,2019-03-01,-0.747778181577778,-36.8767123287671
2019,4,2019-04-01,1.66452668932129,39.4096873752621,2019-04-01,2.75748180399999,73.2176458289775,2019-04-01,1.050000567,40.5405405405405
2019,5,2019-05-01,0.255629982405273,6.71618188681555,2019-05-01,-0.0728346849999997,-2.01415351115949,2019-05-01,0.442222461022222,20.9804955192409
2019,6,2019-06-01,2.47892835018555,74.7130006338494,2019-06-01,3.820474504,86.3652545389817,2019-06-01,4.26666897066667,154.402895054282
2019,7,2019-07-01,0.263553983977539,8.45389349859971,2019-07-01,-2.325198106,-75.659748911094,2019-07-01,0.55300029862,39.8702235039654
2019,8,2019-08-01,2.98834399497949,96.9940254130529,2019-08-01,0.0080708705000001,0.294985250737467,2019-08-01,-0.47300025542,-21.2775528565002
2019,9,2019-09-01,-1.35348559800781,-33.4296235943426,2019-09-01,0.388386036500001,10.7655371855732,2019-09-01,-0.3250001755,-13.7420718816067
2019,10,2019-10-01,2.89794117180176,67.9526332752594,2019-10-01,2.37027687049999,47.1106068312531,2019-10-01,0.161000086940001,4.88026674749926
2019,11,2019-11-01,-0.0771592444218747,-1.47434746489638,2019-11-01,1.1895675715,24.6884830657352,2019-11-01,0.80400043416,30.6169078446306
2019,12,2019-12-01,1.31241074191992,27.6399448290336,2019-12-01,3.5242145015,83.5924732688985,2019-12-01,1.70222314142222,52.736660929432
2020,1,2020-01-01,-0.592944079416992,-13.0837425936322,2020-01-01,0.618897972,24.6859296482412,2020-01-01,-0.557778078977778,-20.4480651731161
2020,2,2020-02-01,-0.84044782711914,-21.8639197365091,2020-02-01,1.6257882795,64.9241411838692,2020-02-01,0.472222477222222,24.4956772334294
2020,3,2020-03-01,-1.30249439798242,-28.8375855087075,2020-03-01,-0.402362422,-13.0490296220633,2020-03-01,-0.667778138377778,-32.9315068493151
2020,4,2020-04-01,1.21219346031738,28.7001497878802,2020-04-01,1.702363124,45.2017562199457,2020-04-01,0.9100004914,35.1351351351351
2020,5,2020-05-01,-0.639655318961914,-16.805702627661,2020-05-01,-0.344488374999999,-9.52640174197058,2020-05-01,-0.387777987177778,-18.3974696889826
2020,6,2020-06-01,-0.755340743759766,-22.7653911268035,2020-06-01,-0.813386266000001,-18.3873264506942,2020-06-01,-1.75333428013333,-63.4499396863691
2020,7,2020-07-01,-0.0273772139716795,-0.878165633135253,2020-07-01,-1.289764476,-41.967717140661,2020-07-01,-0.91700049518,-66.113914924297
2020,8,2020-08-01,-0.103016249649414,-3.34364475884954,2020-08-01,0.0946850905000001,3.46068062450536,2020-08-01,-0.31300016902,-14.0800719748088
2020,9,2020-09-01,-3.36685867095703,-83.1577507962464,2020-09-01,-2.4935052835,-69.116603917717,2020-09-01,-1.5950008613,-67.4418604651163
2020,10,2020-10-01,1.27592380969238,29.9186137975645,2020-10-01,-0.984055649500003,-19.5586681795063,2020-10-01,-0.80900043686,-24.5225826007881
2020,11,2020-11-01,0.0941237589960933,1.79850290787796,2020-11-01,0.142322911500001,2.95379335702907,2020-11-01,0.10400005616,3.96039603960396
2020,12,2020-12-01,2.49862724123633,52.6221836580385,2020-12-01,2.6698833315,63.3281972265022,2020-12-01,0.432222455622221,13.3907056798623
2021,1,2021-01-01,-1.51260500910449,-33.3767302380702,2021-01-01,-0.444094728,-17.713567839196,2021-01-01,-1.13777839217778,-41.7107942973523
2021,2,2021-02-01,-1.17705449264648,-30.6206097776871,2021-02-01,1.1375990395,45.4288184891126,2021-02-01,0.232222347622222,12.0461095100864
2021,3,2021-03-01,-2.1969723047207,-48.6415732733927,2021-03-01,0.0976378480000002,3.1664964249234,2021-03-01,-0.667778138377778,-32.9315068493151
2021,4,2021-04-01,-0.716556966049804,-16.965354896234,2021-04-01,0.749606703999999,19.9038260505958,2021-04-01,0.6900003726,26.6409266409266
2021,5,2021-05-01,-1.21482787364941,-31.9172457152058,2021-05-01,-0.840551634999999,-23.2444202504083,2021-05-01,-0.427778008777778,-20.2952029520295
2021,6,2021-06-01,-1.47226872686523,-44.3730510868721,2021-06-01,0.796850823999997,18.0135279458882,2021-06-01,0.456666913266667,16.5259348612787
2021,7,2021-07-01,6.27772123261035,201.367423529097,2021-07-01,3.253545064,105.867281578273,2021-07-01,2.16300116802,155.948089401586
2021,8,2021-08-01,-0.452233650333008,-14.6783510354665,2021-08-01,0.897835130500001,32.8153104539895,2021-08-01,0.86700046818,39.0013495276653
2021,9,2021-09-01,5.72878784994141,141.494835081562,2021-09-01,3.3883876565,93.9215365308015,2021-09-01,2.1750011745,91.9661733615222
2021,10,2021-10-01,2.78967339680176,65.413906650409,2021-10-01,0.618307420499999,12.2892131930044,2021-10-01,0.18100009774,5.48651106395877
2021,11,2021-11-01,0.455144500207031,8.69683399662121,2021-11-01,-0.731693308500001,-15.1856845201618,2021-11-01,0.13400007236,5.10281797410509
2021,12,2021-12-01,-0.660438810130859,-13.9091304969549,2021-12-01,-0.940354838499998,-22.3047112107204,2021-12-01,-2.38777906717778,-73.9759036144578
2022,1,2022-01-01,-0.359068768577148,-7.92311367050856,2022-01-01,0.107086672000002,4.27135678391967,2022-01-01,-1.78777874317778,-65.5397148676171
2022,2,2022-02-01,1.3709676140918,35.6651833803924,2022-02-01,2.1887807095,87.4066504205644,2022-02-01,0.572222531222222,29.6829971181556
2022,3,2022-03-01,-0.396174703353515,-8.77141729134564,2022-03-01,0.259055257999999,8.40143003064349,2022-03-01,0.482222482622222,23.7808219178082
2022,4,2022-04-01,2.29879284137207,54.4267074839778,2022-04-01,2.706300674,71.8586661091365,2022-04-01,-0.350000189,-13.5135135135135
2022,5,2022-05-01,-2.07781738986035,-54.5906211258362,2022-05-01,-1.667323735,-46.1077844311377,2022-05-01,-0.727778170777778,-34.5282024248814
2022,6,2022-06-01,-1.22343739170898,-36.8734653485998,2022-06-01,-0.151968586000002,-3.435386258455,2022-06-01,-0.373333534933333,-13.5102533172497
2022,7,2022-07-01,-0.139989541022461,-4.49037670712121,2022-07-01,-1.537796106,-50.0384319754035,2022-07-01,-0.78700042498,-56.7411679884643
2022,8,2022-08-01,0.437553678084961,14.2018765721243,2022-08-01,3.2088600005,117.281818835887,2022-08-01,0.43700023598,19.6581196581197
2022,9,2022-09-01,1.06658368373047,26.3434580548608,2022-09-01,2.1915366165,60.7464396791619,2022-09-01,0.8650004671,36.5750528541226
2022,10,2022-10-01,5.12827271574707,120.250762361755,2022-10-01,0.704921640499997,14.0107202942211,2022-10-01,0.16100008694,4.88026674749925
2022,11,2022-11-01,0.897673651574219,17.152615767807,2022-11-01,0.606890091500001,12.5954978142747,2022-11-01,0.85400046116,32.5209444021325
2022,12,2022-12-01,1.6206432533457,34.1314564710824,2022-12-01,1.5005913615,35.5932203389831,2022-12-01,-0.597778100577778,-18.5197934595525
2023,1,2023-01-01,4.27752945368848,94.3868001241673,2023-01-01,5.185829572,206.846733668342,2023-01-01,1.16222284982222,42.6069246435845
2023,2,2023-02-01,-2.29594965885742,-59.7282275479167,2023-02-01,-1.4372055005,-57.3932866912978,2023-02-01,-0.927778278777778,-48.1268011527378
2023,3,2023-03-01,-1.82372530198633,-40.3777816026614,2023-03-01,-0.622834981999999,-20.1991828396323,2023-03-01,-0.567778084377778,-28
2023,4,2023-04-01,-1.58035387688965,-37.416793993192,2023-04-01,-1.498426006,-39.7867447208865,2023-04-01,-1.4200007668,-54.8262548262548
2023,5,2023-05-01,1.30681934187793,34.3341430871206,2023-05-01,1.064961205,29.4501905280348,2023-05-01,0.562222525822222,26.6736953083817
2023,6,2023-06-01,2.09072532313477,63.0128589157815,2023-06-01,1.32441016399999,29.9394802420789,2023-06-01,0.206666778266666,7.47889022919176
2023,7,2023-07-01,1.44742519413379,46.4283569298648,2023-07-01,2.863781074,93.1847296951062,2023-07-01,0.72300039042,52.1268925739005
2023,8,2023-08-01,3.7662879436123,122.244102127912,2023-08-01,3.8151595405,139.441686452263,2023-08-01,2.15700116478,97.0310391363023
2023,9,2023-09-01,-0.251891745273437,-6.2214524065918,2023-09-01,3.5694901165,98.9414525017734,2023-09-01,0.3750002025,15.8562367864693
2023,10,2023-10-01,3.0578053083252,71.701221807265,2023-10-01,2.94901734049999,58.6134042802925,2023-10-01,-0.47900025866,-14.5195513792058
2023,11,2023-11-01,-1.70471302684375,-32.5734051484618,2023-11-01,-0.672638158499999,-13.9600441230543,2023-11-01,-0.47600025704,-18.1264280274181
2023,12,2023-12-01,4.47186126691992,94.1793561670656,2023-12-01,1.6265756815,38.5815006770323,2023-12-01,-1.78777874317778,-55.3872633390706
2024,1,2024-01-01,0.531871980739258,11.7361422945651,2024-01-01,1.150394322,45.8856783919598,2024-01-01,-1.40777853797778,-51.6089613034623
2024,2,2024-02-01,-1.8861007662793,-49.0661697707658,2024-02-01,-1.1183076905,-44.658438801981,2024-02-01,-0.837778230177778,-43.4582132564842
2024,3,2024-03-01,7.4396670649082,164.716282444618,2024-03-01,9.27087114800001,300.663942798774,2024-03-01,5.76222533382222,284.164383561644
2024,4,2024-04-01,-0.770114143100586,-18.2333859934905,2024-04-01,-0.159842606,-4.24419820196529,2024-04-01,-1.3300007182,-51.3513513513513
2024,5,2024-05-01,-0.382557800700195,-10.0509640831147,2024-05-01,-1.919292375,-53.0756668481219,2024-05-01,-1.33777850017778,-63.4686346863469
2024,6,2024-06-01,0.521842217080078,15.7279244850118,2024-06-01,-1.301575506,-29.4232823068708,2024-06-01,-0.723333723933333,-26.1761158021713
2024,7,2024-07-01,0.47459156102832,15.2232436471517,2024-07-01,-0.986614705999999,-32.1035101204202,2024-07-01,-0.77700041958,-56.0201874549387
2024,8,2024-08-01,1.00015394497949,32.4624465320204,2024-08-01,1.1143706805,40.7295488884091,2024-08-01,0.427000230580001,19.208277103014
